,Archivo,Original,Falso nulo,Calculada,Valor O,Valor C
0,14002-ACATLAN DE JUAREZ.txt,"['01/08/2009', '0', '3.7', '34.5', '16']","['01/08/2009', 'Nulo', '3.7', '34.5', '16']","['01/08/2009', '0.0', '3.7', '34.5', '16.0']",0,0.0
1,14002-ACATLAN DE JUAREZ.txt,"['30/09/2009', '0', '4.1', '31', '16']","['30/09/2009', '0', '4.1', '31', 'Nulo']","['30/09/2009', '0.0', '4.1', '31.0', '16.7']",16,16.7
2,14002-ACATLAN DE JUAREZ.txt,"['06/04/2015', '0', '5.5', '28.5', '14.5']","['06/04/2015', '0', '5.5', 'Nulo', '14.5']","['06/04/2015', '0.0', '5.5', '28.6', '14.5']",28.5,28.6
3,14006-TEOCALTICHE.txt,"['13/08/2013', '0', '4.7', '29', '15']","['13/08/2013', 'Nulo', '4.7', '29', '15']","['13/08/2013', '0.0', '4.7', '29.0', '15.0']",0,0.0
4,14006-TEOCALTICHE.txt,"['08/08/2012', '0', '6.2', '32', '12.5']","['08/08/2012', '0', '6.2', 'Nulo', '12.5']","['08/08/2012', '0.0', '6.2', '30.4', '12.5']",32,30.4
5,14006-TEOCALTICHE.txt,"['31/08/2015', '23', '5.4', '29', '10']","['31/08/2015', 'Nulo', '5.4', '29', '10']","['31/08/2015', '2.6', '5.4', '29.0', '10.0']",23,2.6
6,14009-AMECA.txt,"['03/02/2009', '0', '5.6', '26.5', '8.5']","['03/02/2009', '0', 'Nulo', '26.5', '8.5']","['03/02/2009', '0.0', '4.7', '26.5', '8.5']",5.6,4.7
7,14009-AMECA.txt,"['23/09/2011', '0', '5.3', '30', '18']","['23/09/2011', '0', 'Nulo', '30', '18']","['23/09/2011', '0.0', '4.4', '30.0', '18.0']",5.3,4.4
8,14009-AMECA.txt,"['27/04/2017', '0', '10.5', '33.5', '7']","['27/04/2017', '0', '10.5', 'Nulo', '7']","['27/04/2017', '0.0', '10.5', '32.9', '7.0']",33.5,32.9
9,14011-LA HUERTA.txt,"['14/06/2011', '0', 'Nulo', '34', '26']","['14/06/2011', 'Nulo', 'Nulo', '34', '26']","['14/06/2011', '17.6', '5.6', '34.0', '26.0']",0,17.6
10,14011-LA HUERTA.txt,"['22/10/2015', '51.5', '3.6', '32.5', '26']","['22/10/2015', 'Nulo', '3.6', '32.5', '26']","['22/10/2015', '17.4', '3.6', '32.5', '26.0']",51.5,17.4
11,14011-LA HUERTA.txt,"['03/03/2014', '0', '3.5', '31.5', '15.5']","['03/03/2014', '0', '3.5', '31.5', 'Nulo']","['03/03/2014', '0.0', '3.5', '31.5', '15.9']",15.5,15.9
12,14016-IXTLAHUACAN DE LOS MEMBRILLOS.txt,"['27/10/2008', '0', '5.5', '24', '10']","['27/10/2008', '0', '5.5', '24', 'Nulo']","['27/10/2008', '0.0', '5.5', '24.0', '12.4']",10,12.4
13,14016-IXTLAHUACAN DE LOS MEMBRILLOS.txt,"['13/06/2010', '17.5', '6.9', '32', '16.5']","['13/06/2010', '17.5', 'Nulo', '32', '16.5']","['13/06/2010', '17.5', '6.9', '32.0', '16.5']",6.9,6.9
14,14016-IXTLAHUACAN DE LOS MEMBRILLOS.txt,"['25/02/2012', '0', '3.3', '28', '5']","['25/02/2012', '0', '3.3', '28', 'Nulo']","['25/02/2012', '0.0', '3.3', '28.0', '11.5']",5,11.5
15,14017-ATOTONILCO EL ALTO.txt,"['15/06/2017', '0', '6', '35', '19.5']","['15/06/2017', 'Nulo', '6', '35', '19.5']","['15/06/2017', '0.0', '6.0', '35.0', '19.5']",0,0.0
16,14017-ATOTONILCO EL ALTO.txt,"['07/01/2013', '0', '2.5', '20.5', '9.5']","['07/01/2013', 'Nulo', '2.5', '20.5', '9.5']","['07/01/2013', '0.4', '2.5', '20.5', '9.5']",0,0.4
17,14017-ATOTONILCO EL ALTO.txt,"['18/02/2015', '0', '4.3', '29.5', '9']","['18/02/2015', '0', '4.3', 'Nulo', '9']","['18/02/2015', '0.0', '4.3', '22.8', '9.0']",29.5,22.8
18,14018-ATOYAC.txt,"['22/07/2013', '1.5', '3.5', '30', '17']","['22/07/2013', '1.5', '3.5', '30', 'Nulo']","['22/07/2013', '1.5', '3.5', '30.0', '16.6']",17,16.6
19,14018-ATOYAC.txt,"['28/03/2014', '0', '8.4', '35', '12']","['28/03/2014', '0', '8.4', '35', 'Nulo']","['28/03/2014', '0.0', '8.4', '35.0', '12.5']",12,12.5
20,14018-ATOYAC.txt,"['28/12/2013', '2.8', '3', '17', '9.5']","['28/12/2013', '2.8', '3', '17', 'Nulo']","['28/12/2013', '2.8', '3.0', '17.0', '9.4']",9.5,9.4
21,14023-BOLAÑOS.txt,"['28/10/2009', '0', '2.4', '32', '17']","['28/10/2009', 'Nulo', '2.4', '32', '17']","['28/10/2009', '0.0', '2.4', '32.0', '17.0']",0,0.0
22,14023-BOLAÑOS.txt,"['21/07/2012', '0.6', '5.7', '35.5', '20']","['21/07/2012', '0.6', '5.7', 'Nulo', '20']","['21/07/2012', '0.6', '5.7', '28.2', '20.0']",35.5,28.2
23,14023-BOLAÑOS.txt,"['19/12/2014', '0', '2.8', '31', '11']","['19/12/2014', '0', '2.8', 'Nulo', '11']","['19/12/2014', '0.0', '2.8', '25.8', '11.0']",31,25.8
24,14024-TOMATLAN.txt,"['05/09/2013', '21.5', '5.2', '26.5', '22.5']","['05/09/2013', '21.5', 'Nulo', '26.5', '22.5']","['05/09/2013', '21.5', '1.5', '26.5', '22.5']",5.2,1.5
25,14024-TOMATLAN.txt,"['22/04/2011', '0', '6.8', '33', '18']","['22/04/2011', 'Nulo', '6.8', '33', '18']","['22/04/2011', '0.0', '6.8', '33.0', '18.0']",0,0.0
26,14024-TOMATLAN.txt,"['06/06/2009', '0', '7.8', '34', '24']","['06/06/2009', '0', 'Nulo', '34', '24']","['06/06/2009', '0.0', '6.4', '34.0', '24.0']",7.8,6.4
27,14025-TEOCALTICHE.txt,"['08/12/2010', '0', '0.2', '24', '3']","['08/12/2010', '0', '0.2', '24', 'Nulo']","['08/12/2010', '0.0', '0.2', '24.0', '2.6']",3,2.6
28,14025-TEOCALTICHE.txt,"['22/08/2008', '12', 'Nulo', '36', '22']","['22/08/2008', '12', 'Nulo', '36', 'Nulo']","['22/08/2008', '12.0', '3.3', '36.0', '13.8']",22,13.8
29,14025-TEOCALTICHE.txt,"['15/01/2011', '0', '6.5', 'Nulo', '-2']","['15/01/2011', '0', 'Nulo', 'Nulo', '-2']","['15/01/2011', '0.0', '2.6', '27.3', '-2.0']",6.5,2.6
30,14026-COLOTLAN.txt,"['01/07/2013', '0', '8.7', '30', '15']","['01/07/2013', '0', '8.7', 'Nulo', '15']","['01/07/2013', '0.0', '8.7', '31.7', '15.0']",30,31.7
31,14026-COLOTLAN.txt,"['19/05/2012', '0', '10.4', '35', '17']","['19/05/2012', 'Nulo', '10.4', '35', '17']","['19/05/2012', '0.0', '10.4', '35.0', '17.0']",0,0.0
32,14026-COLOTLAN.txt,"['03/01/2014', '0', '3.1', '26', '8']","['03/01/2014', '0', 'Nulo', '26', '8']","['03/01/2014', '0.0', '2.3', '26.0', '8.0']",3.1,2.3
33,14028-CIHUATLAN.txt,"['09/06/2015', '0', '5.8', '35', '25']","['09/06/2015', '0', '5.8', '35', 'Nulo']","['09/06/2015', '0.0', '5.8', '35.0', '24.1']",25,24.1
34,14028-CIHUATLAN.txt,"['17/12/2008', '0', '4.8', '35', '17']","['17/12/2008', '0', '4.8', '35', 'Nulo']","['17/12/2008', '0.0', '4.8', '35.0', '12.2']",17,12.2
35,14028-CIHUATLAN.txt,"['16/04/2014', '0', '5.8', '35', '22']","['16/04/2014', '0', 'Nulo', '35', '22']","['16/04/2014', '0.0', '6.7', '35.0', '22.0']",5.8,6.7
36,14029-CONCEPCION DE BUENOS AIRES.txt,"['01/11/2013', '0', '2', '25', '7']","['01/11/2013', 'Nulo', '2', '25', '7']","['01/11/2013', '0.1', '2.0', '25.0', '7.0']",0,0.1
37,14029-CONCEPCION DE BUENOS AIRES.txt,"['16/05/2013', '0', '2.4', '26', '9']","['16/05/2013', '0', '2.4', '26', 'Nulo']","['16/05/2013', '0.0', '2.4', '26.0', '13.9']",9,13.9
38,14029-CONCEPCION DE BUENOS AIRES.txt,"['01/06/2015', '0', 'Nulo', '23', '13']","['01/06/2015', 'Nulo', 'Nulo', '23', '13']","['01/06/2015', '0.2', '5.1', '23.0', '13.0']",0,0.2
39,14030-ZAPOTLAN EL GRANDE.txt,"['27/01/2015', '0', '4.6', '30.4', '8.8']","['27/01/2015', '0', 'Nulo', '30.4', '8.8']","['27/01/2015', '0.0', '4.2', '30.4', '8.8']",4.6,4.2
40,14030-ZAPOTLAN EL GRANDE.txt,"['21/06/2010', '0', '4.8', '30', '16.6']","['21/06/2010', '0', '4.8', '30', 'Nulo']","['21/06/2010', '0.0', '4.8', '30.0', '18.7']",16.6,18.7
41,14030-ZAPOTLAN EL GRANDE.txt,"['06/10/2009', '0', '4.3', '31.8', '17.6']","['06/10/2009', 'Nulo', '4.3', '31.8', '17.6']","['06/10/2009', '0.3', '4.3', '31.8', '17.6']",0,0.3
42,14032-COLOTLAN.txt,"['16/04/2008', '0', '6.2', '31.6', '9.3']","['16/04/2008', '0', '6.2', 'Nulo', '9.3']","['16/04/2008', '0.0', '6.2', '26.2', '9.3']",31.6,26.2
43,14032-COLOTLAN.txt,"['25/07/2015', '0', '3.5', '30', '15.5']","['25/07/2015', '0', '3.5', 'Nulo', '15.5']","['25/07/2015', '0.0', '3.5', '27.4', '15.5']",30,27.4
44,14032-COLOTLAN.txt,"['09/01/2014', '0', '2.8', '22.5', '1']","['09/01/2014', '0', 'Nulo', '22.5', '1']","['09/01/2014', '0.0', '3.4', '22.5', '1.0']",2.8,3.4
45,14033-LAGOS DE MORENO.txt,"['02/09/2009', '2', '7.7', '23', '12']","['02/09/2009', 'Nulo', '7.7', '23', '12']","['02/09/2009', '0.8', '7.7', '23.0', '12.0']",2,0.8
46,14033-LAGOS DE MORENO.txt,"['10/04/2013', '0', '4.1', '23', '1']","['10/04/2013', '0', 'Nulo', '23', '1']","['10/04/2013', '0.0', '7.6', '23.0', '1.0']",4.1,7.6
47,14033-LAGOS DE MORENO.txt,"['28/07/2009', '2', '5.4', '28', '9']","['28/07/2009', '2', '5.4', '28', 'Nulo']","['28/07/2009', '2.0', '5.4', '28.0', '13.3']",9,13.3
48,14034-TAMAZULA DE GORDIANO.txt,"['17/12/2009', '0', '0.6', '29.5', '9']","['17/12/2009', '0', '0.6', '29.5', 'Nulo']","['17/12/2009', '0.0', '0.6', '29.5', '9.1']",9,9.1
49,14034-TAMAZULA DE GORDIANO.txt,"['16/11/2010', '0', '3.5', '30.5', '9.5']","['16/11/2010', '0', 'Nulo', '30.5', '9.5']","['16/11/2010', '0.0', '3.4', '30.5', '9.5']",3.5,3.4
50,14034-TAMAZULA DE GORDIANO.txt,"['12/02/2011', '0', '4.2', '33.5', '8']","['12/02/2011', '0', '4.2', 'Nulo', '8']","['12/02/2011', '0.0', '4.2', '29.8', '8.0']",33.5,29.8
51,14035-MASCOTA.txt,"['14/05/2012', '0', '7.8', '35', '5.5']","['14/05/2012', '0', 'Nulo', '35', '5.5']","['14/05/2012', '0.0', '7.0', '35.0', '5.5']",7.8,7.0
52,14035-MASCOTA.txt,"['30/03/2014', '0', '6.8', '32.5', '8']","['30/03/2014', 'Nulo', '6.8', '32.5', '8']","['30/03/2014', '0.0', '6.8', '32.5', '8.0']",0,0.0
53,14035-MASCOTA.txt,"['05/06/2009', '0', '5', '34', '14']","['05/06/2009', '0', '5', '34', 'Nulo']","['05/06/2009', '0.0', '5.0', '34.0', '15.4']",14,15.4
54,14036-CUAUTITLAN DE GARCIA BARRAGAN.txt,"['07/04/2008', '0', '6.6', '40.5', '21.5']","['07/04/2008', '0', '6.6', '40.5', 'Nulo']","['07/04/2008', '0.0', '6.6', '40.5', '16.2']",21.5,16.2
55,14036-CUAUTITLAN DE GARCIA BARRAGAN.txt,"['14/10/2009', '0', '4.1', '37.5', '25.5']","['14/10/2009', '0', '4.1', 'Nulo', '25.5']","['14/10/2009', '0.0', '4.1', '33.7', '25.5']",37.5,33.7
56,14036-CUAUTITLAN DE GARCIA BARRAGAN.txt,"['10/07/2017', '0.2', '1.8', '36.5', '27.5']","['10/07/2017', '0.2', '1.8', '36.5', 'Nulo']","['10/07/2017', '0.2', '1.8', '36.5', '21.1']",27.5,21.1
57,14037-HUEJUCAR.txt,"['13/02/2016', '0', '6.7', '23', '1']","['13/02/2016', '0', 'Nulo', '23', '1']","['13/02/2016', '0.0', 'Nulo', '23.0', '1.0']",6.7,Nulo
58,14037-HUEJUCAR.txt,"['10/04/2009', '0', '7.4', '33', '4.5']","['10/04/2009', 'Nulo', '7.4', '33', '4.5']","['10/04/2009', 'Nulo', '7.4', '33.0', '4.5']",0,Nulo
59,14037-HUEJUCAR.txt,"['10/11/2011', '0', '4.2', '25', '3.5']","['10/11/2011', '0', 'Nulo', '25', '3.5']","['10/11/2011', '0.0', 'Nulo', '25.0', '3.5']",4.2,Nulo
60,14038-SAN CRISTOBAL DE LA BARRANCA.txt,"['27/04/2011', '0', '9.9', '42', '13']","['27/04/2011', '0', 'Nulo', '42', '13']","['27/04/2011', '0.0', 'Nulo', '42.0', '13.0']",9.9,Nulo
61,14038-SAN CRISTOBAL DE LA BARRANCA.txt,"['19/06/2017', '0', '10.4', '42', '20.5']","['19/06/2017', '0', '10.4', 'Nulo', '20.5']","['19/06/2017', '0.0', '10.4', '34.4', '20.5']",42,34.4
62,14038-SAN CRISTOBAL DE LA BARRANCA.txt,"['25/05/2013', '5.1', '7.4', '39', '20.5']","['25/05/2013', '5.1', '7.4', '39', 'Nulo']","['25/05/2013', '5.1', '7.4', '39.0', '16.1']",20.5,16.1
63,14039-CUQUIO.txt,"['24/09/2011', '0', '2.2', '27.5', '14']","['24/09/2011', '0', '2.2', '27.5', 'Nulo']","['24/09/2011', '0.0', '2.2', '27.5', '11.8']",14,11.8
64,14039-CUQUIO.txt,"['25/12/2016', '0', '3.5', '25', '8']","['25/12/2016', 'Nulo', '3.5', '25', '8']","['25/12/2016', '0.0', '3.5', '25.0', '8.0']",0,0.0
65,14039-CUQUIO.txt,"['18/06/2009', '11', '1.3', '28', '16']","['18/06/2009', 'Nulo', '1.3', '28', '16']","['18/06/2009', '15.5', '1.3', '28.0', '16.0']",11,15.5
66,14040-CHAPALA.txt,"['06/10/2011', '0', '4.6', '28', '19']","['06/10/2011', '0', '4.6', '28', 'Nulo']","['06/10/2011', '0.0', '4.6', '28.0', '15.0']",19,15.0
67,14040-CHAPALA.txt,"['03/07/2017', '8.3', '4.3', '27', '17.5']","['03/07/2017', '8.3', '4.3', '27', 'Nulo']","['03/07/2017', '8.3', '4.3', '27.0', '16.6']",17.5,16.6
68,14040-CHAPALA.txt,"['01/12/2011', '0', '3.7', '22.5', '11']","['01/12/2011', '0', '3.7', '22.5', 'Nulo']","['01/12/2011', '0.0', '3.7', '22.5', '5.5']",11,5.5
69,14044-TALPA DE ALLENDE.txt,"['24/01/2014', '0', 'Nulo', '30', '17']","['24/01/2014', 'Nulo', 'Nulo', '30', '17']","['24/01/2014', '0.0', '2.6', '30.0', '17.0']",0,0.0
70,14044-TALPA DE ALLENDE.txt,"['06/03/2011', '0', 'Nulo', '33', '14']","['06/03/2011', 'Nulo', 'Nulo', '33', '14']","['06/03/2011', '0.0', '4.9', '33.0', '14.0']",0,0.0
71,14044-TALPA DE ALLENDE.txt,"['11/09/2013', '0', 'Nulo', '32', '22']","['11/09/2013', '0', 'Nulo', 'Nulo', '22']","['11/09/2013', '0.0', '3.8', '31.3', '22.0']",32,31.3
72,14046-AUTLAN DE NAVARRO.txt,"['05/07/2014', '25.9', '4.9', '35', '14']","['05/07/2014', '25.9', '4.9', 'Nulo', '14']","['05/07/2014', '25.9', '4.9', '32.4', '14.0']",35,32.4
73,14046-AUTLAN DE NAVARRO.txt,"['07/02/2012', '0', '6.5', '29', '12']","['07/02/2012', '0', '6.5', '29', 'Nulo']","['07/02/2012', '0.0', '6.5', '29.0', '13.2']",12,13.2
74,14046-AUTLAN DE NAVARRO.txt,"['27/05/2008', '0', '6.3', '34', '13']","['27/05/2008', '0', '6.3', 'Nulo', '13']","['27/05/2008', '0.0', '6.3', '34.4', '13.0']",34,34.4
75,14047-OCOTLAN.txt,"['24/01/2010', '0', '2.4', '25', '10']","['24/01/2010', '0', 'Nulo', '25', '10']","['24/01/2010', '0.0', '2.9', '25.0', '10.0']",2.4,2.9
76,14047-OCOTLAN.txt,"['07/07/2010', '6.5', '3.2', '25', '16']","['07/07/2010', 'Nulo', '3.2', '25', '16']","['07/07/2010', '4.6', '3.2', '25.0', '16.0']",6.5,4.6
77,14047-OCOTLAN.txt,"['17/05/2012', '0', '4.1', '26', '13']","['17/05/2012', '0', '4.1', '26', 'Nulo']","['17/05/2012', '0.0', '4.1', '26.0', '13.2']",13,13.2
78,14048-CIHUATLAN.txt,"['03/01/2013', '0', '2.1', '31.5', '14']","['03/01/2013', '0', '2.1', '31.5', 'Nulo']","['03/01/2013', '0.0', '2.1', '31.5', '18.6']",14,18.6
79,14048-CIHUATLAN.txt,"['28/06/2010', '0', '5.2', '34.5', '21.5']","['28/06/2010', 'Nulo', '5.2', '34.5', '21.5']","['28/06/2010', '0.0', '5.2', '34.5', '21.5']",0,0.0
80,14048-CIHUATLAN.txt,"['25/06/2009', '0', '6.5', '35', '20.5']","['25/06/2009', 'Nulo', '6.5', '35', '20.5']","['25/06/2009', '0.0', '6.5', '35.0', '20.5']",0,0.0
81,14052-TAPALPA.txt,"['22/08/2013', '0', '2.2', '21', '12']","['22/08/2013', '0', 'Nulo', '21', '12']","['22/08/2013', '0.0', '1.2', '21.0', '12.0']",2.2,1.2
82,14052-TAPALPA.txt,"['01/07/2011', '9', '1.9', '21', '15.5']","['01/07/2011', '9', '1.9', 'Nulo', '15.5']","['01/07/2011', '9.0', '1.9', 'Nulo', '15.5']",21,Nulo
83,14052-TAPALPA.txt,"['10/02/2016', '0', '3.9', '24', '6']","['10/02/2016', '0', '3.9', 'Nulo', '6']","['10/02/2016', '0.0', '3.9', '24.9', '6.0']",24,24.9
84,14053-HUEJUQUILLA EL ALTO.txt,"['05/12/2014', '0', '2.5', '25.5', '4.5']","['05/12/2014', '0', 'Nulo', '25.5', '4.5']","['05/12/2014', '0.0', '2.6', '25.5', '4.5']",2.5,2.6
85,14053-HUEJUQUILLA EL ALTO.txt,"['24/05/2010', '0', '9.1', '33', '10.5']","['24/05/2010', '0', 'Nulo', '33', '10.5']","['24/05/2010', '0.0', 'Nulo', '33.0', '10.5']",9.1,Nulo
86,14053-HUEJUQUILLA EL ALTO.txt,"['26/08/2015', '0', '5.9', '27.5', '12']","['26/08/2015', '0', 'Nulo', '27.5', '12']","['26/08/2015', '0.0', '6.4', '27.5', '12.0']",5.9,6.4
87,14054-LAGOS DE MORENO.txt,"['05/02/2008', '0', 'Nulo', '30', '13']","['05/02/2008', '0', 'Nulo', '30', 'Nulo']","['05/02/2008', '0.0', '5.6', '30.0', '3.1']",13,3.1
88,14054-LAGOS DE MORENO.txt,"['30/01/2012', '2.5', 'Nulo', '23', '8']","['30/01/2012', '2.5', 'Nulo', '23', 'Nulo']","['30/01/2012', '2.5', '1.6', '23.0', '7.3']",8,7.3
89,14054-LAGOS DE MORENO.txt,"['04/10/2011', '0', 'Nulo', '28', '13']","['04/10/2011', 'Nulo', 'Nulo', '28', '13']","['04/10/2011', '0.0', '4.9', '28.0', '13.0']",0,0.0
90,14056-SAN MARTIN HIDALGO.txt,"['22/01/2013', '0', '2', '28.5', '6']","['22/01/2013', '0', '2', '28.5', 'Nulo']","['22/01/2013', '0.0', '2.0', '28.5', '9.0']",6,9.0
91,14056-SAN MARTIN HIDALGO.txt,"['25/03/2011', '0', '6.6', '36', '8.5']","['25/03/2011', '0', '6.6', '36', 'Nulo']","['25/03/2011', '0.0', '6.6', '36.0', '8.4']",8.5,8.4
92,14056-SAN MARTIN HIDALGO.txt,"['06/03/2009', '0', 'Nulo', '34.5', '11.5']","['06/03/2009', '0', 'Nulo', '34.5', 'Nulo']","['06/03/2009', '0.0', '5.0', '34.5', '11.2']",11.5,11.2
93,14059-CABO CORRIENTES.txt,"['13/09/2013', '3.5', '5.3', '30', '20']","['13/09/2013', 'Nulo', '5.3', '30', '20']","['13/09/2013', '1.5', '5.3', '30.0', '20.0']",3.5,1.5
94,14059-CABO CORRIENTES.txt,"['03/09/2017', '28.5', '3.7', '30', '20']","['03/09/2017', 'Nulo', '3.7', '30', '20']","['03/09/2017', 'Nulo', '3.7', '30.0', '20.0']",28.5,Nulo
95,14059-CABO CORRIENTES.txt,"['11/05/2013', '0', '6.9', '34', '13.5']","['11/05/2013', '0', '6.9', 'Nulo', '13.5']","['11/05/2013', '0.0', '6.9', '34.1', '13.5']",34,34.1
96,14060-ARANDAS.txt,"['04/12/2010', '0', '4.2', '29', '2']","['04/12/2010', 'Nulo', '4.2', '29', '2']","['04/12/2010', '0.0', '4.2', '29.0', '2.0']",0,0.0
97,14060-ARANDAS.txt,"['15/08/2013', '0', '4.6', 'Nulo', 'Nulo']","['15/08/2013', '0', 'Nulo', 'Nulo', 'Nulo']","['15/08/2013', '0.0', '3.8', '27.2', '12.9']",4.6,3.8
98,14060-ARANDAS.txt,"['15/03/2013', '0', '2.7', '20', '1']","['15/03/2013', '0', '2.7', 'Nulo', '1']","['15/03/2013', '0.0', '2.7', '17.2', '1.0']",20,17.2
99,14063-ETZATLAN.txt,"['08/06/2018', '35', 'Nulo', '35', '15']","['08/06/2018', '35', 'Nulo', '35', 'Nulo']","['08/06/2018', '35.0', 'Nulo', '35.0', 'Nulo']",15,Nulo
100,14063-ETZATLAN.txt,"['16/10/2018', '0', 'Nulo', '33', '14']","['16/10/2018', 'Nulo', 'Nulo', '33', '14']","['16/10/2018', 'Nulo', 'Nulo', '33.0', '14.0']",0,Nulo
101,14063-ETZATLAN.txt,"['20/10/2011', '0', '6', '28', '13']","['20/10/2011', 'Nulo', '6', '28', '13']","['20/10/2011', '0.0', '6.0', '28.0', '13.0']",0,0.0
102,14065-GUADALAJARA.txt,"['25/08/2009', '0', '5.8', '30.5', '17.9']","['25/08/2009', '0', 'Nulo', '30.5', '17.9']","['25/08/2009', '0.0', '8.7', '30.5', '17.9']",5.8,8.7
103,14065-GUADALAJARA.txt,"['13/10/2010', '0', '5.5', '28', '15.4']","['13/10/2010', '0', '5.5', '28', 'Nulo']","['13/10/2010', '0.0', '5.5', '28.0', '15.9']",15.4,15.9
104,14065-GUADALAJARA.txt,"['11/02/2008', '0', '4.4', '26.6', '8.5']","['11/02/2008', '0', '4.4', 'Nulo', '8.5']","['11/02/2008', '0.0', '4.4', '25.1', '8.5']",26.6,25.1
105,14066-GUADALAJARA.txt,"['30/09/2015', '0', '8.8', '26', '16']","['30/09/2015', '0', '8.8', '26', 'Nulo']","['30/09/2015', '0.0', '8.8', '26.0', '14.7']",16,14.7
106,14066-GUADALAJARA.txt,"['08/09/2008', '0.3', '3.4', '25', '17']","['08/09/2008', '0.3', '3.4', 'Nulo', '17']","['08/09/2008', '0.3', '3.4', '26.6', '17.0']",25,26.6
107,14066-GUADALAJARA.txt,"['13/10/2008', '3.5', '3.7', '28', '17.5']","['13/10/2008', 'Nulo', '3.7', '28', '17.5']","['13/10/2008', '4.9', '3.7', '28.0', '17.5']",3.5,4.9
108,14067-TOMATLAN.txt,"['06/07/2008', '5', '1.1', '31.5', '22']","['06/07/2008', '5', 'Nulo', '31.5', '22']","['06/07/2008', '5.0', '3.0', '31.5', '22.0']",1.1,3.0
109,14067-TOMATLAN.txt,"['16/08/2008', '1.5', '5.9', '32.5', '22.5']","['16/08/2008', '1.5', '5.9', '32.5', 'Nulo']","['16/08/2008', '1.5', '5.9', '32.5', '23.9']",22.5,23.9
110,14067-TOMATLAN.txt,"['30/01/2011', '0', '3.8', '30.5', '13']","['30/01/2011', 'Nulo', '3.8', '30.5', '13']","['30/01/2011', '0.0', '3.8', '30.5', '13.0']",0,0.0
111,14068-HOSTOTIPAQUILLO.txt,"['16/04/2008', '0', '8', '33', '11']","['16/04/2008', '0', 'Nulo', '33', '11']","['16/04/2008', '0.0', '9.4', '33.0', '11.0']",8,9.4
112,14068-HOSTOTIPAQUILLO.txt,"['17/06/2013', '0', '6.8', '33', '18']","['17/06/2013', 'Nulo', '6.8', '33', '18']","['17/06/2013', '0.0', '6.8', '33.0', '18.0']",0,0.0
113,14068-HOSTOTIPAQUILLO.txt,"['30/09/2009', '0', '4.3', '30', '16']","['30/09/2009', '0', '4.3', '30', 'Nulo']","['30/09/2009', '0.0', '4.3', '30.0', '19.5']",16,19.5
114,14069-HUEJUCAR.txt,"['28/05/2013', '0', '7.7', '31', '13.5']","['28/05/2013', '0', '7.7', 'Nulo', '13.5']","['28/05/2013', '0.0', '7.7', 'Nulo', '13.5']",31,Nulo
115,14069-HUEJUCAR.txt,"['24/10/2010', '0', '4.9', '26.5', '1.5']","['24/10/2010', '0', '4.9', '26.5', 'Nulo']","['24/10/2010', '0.0', '4.9', '26.5', 'Nulo']",1.5,Nulo
116,14069-HUEJUCAR.txt,"['28/07/2012', '0', '6.1', '27.5', '13']","['28/07/2012', '0', 'Nulo', '27.5', '13']","['28/07/2012', '0.0', 'Nulo', '27.5', '13.0']",6.1,Nulo
117,14070-DEGOLLADO.txt,"['30/08/2010', '14.5', '5.3', '30.5', '16.5']","['30/08/2010', '14.5', '5.3', '30.5', 'Nulo']","['30/08/2010', '14.5', '5.3', '30.5', 'Nulo']",16.5,Nulo
118,14070-DEGOLLADO.txt,"['25/04/2012', '0', '10.5', '33.5', '11']","['25/04/2012', '0', '10.5', 'Nulo', '11']","['25/04/2012', '0.0', '10.5', 'Nulo', '11.0']",33.5,Nulo
119,14070-DEGOLLADO.txt,"['28/11/2009', '0', '3.4', '25', '10']","['28/11/2009', '0', 'Nulo', '25', '10']","['28/11/2009', '0.0', 'Nulo', '25.0', '10.0']",3.4,Nulo
120,14071-HUEJUQUILLA EL ALTO.txt,"['28/02/2015', '0', '2.2', '25', '-1']","['28/02/2015', '0', '2.2', 'Nulo', '-1']","['28/02/2015', '0.0', '2.2', '23.1', '-1.0']",25,23.1
121,14071-HUEJUQUILLA EL ALTO.txt,"['16/09/2012', '0', '3.1', '26', '0.5']","['16/09/2012', '0', '3.1', 'Nulo', '0.5']","['16/09/2012', '0.0', '3.1', '26.9', '0.5']",26,26.9
122,14071-HUEJUQUILLA EL ALTO.txt,"['09/02/2009', '0', 'Nulo', '23.5', '0.5']","['09/02/2009', 'Nulo', 'Nulo', '23.5', '0.5']","['09/02/2009', '0.0', '4.0', '23.5', '0.5']",0,0.0
123,14072-IXTLAHUACAN DE LOS MEMBRILLOS.txt,"['17/03/2008', '0', '7.6', '29', '7']","['17/03/2008', '0', 'Nulo', '29', '7']","['17/03/2008', '0.0', '8.0', '29.0', '7.0']",7.6,8.0
124,14072-IXTLAHUACAN DE LOS MEMBRILLOS.txt,"['31/05/2010', '0', '5.5', '35', '10.5']","['31/05/2010', '0', 'Nulo', '35', '10.5']","['31/05/2010', '0.0', '8.4', '35.0', '10.5']",5.5,8.4
125,14072-IXTLAHUACAN DE LOS MEMBRILLOS.txt,"['15/07/2016', '0', '3.5', '27.5', '15.5']","['15/07/2016', 'Nulo', '3.5', '27.5', '15.5']","['15/07/2016', '1.6', '3.5', '27.5', '15.5']",0,1.6
126,14075-JAMAY.txt,"['30/03/2008', '0', '6.8', '32', '7.5']","['30/03/2008', '0', 'Nulo', '32', '7.5']","['30/03/2008', '0.0', '7.5', '32.0', '7.5']",6.8,7.5
127,14075-JAMAY.txt,"['25/03/2015', '0', '5.1', '27', '9']","['25/03/2015', '0', 'Nulo', '27', '9']","['25/03/2015', '0.0', '4.8', '27.0', '9.0']",5.1,4.8
128,14075-JAMAY.txt,"['30/12/2012', '0', '2.9', '26', '6']","['30/12/2012', '0', '2.9', '26', 'Nulo']","['30/12/2012', '0.0', '2.9', '26.0', '10.1']",6,10.1
129,14076-JESUS MARIA.txt,"['02/02/2016', '0', '7', '20', '4']","['02/02/2016', '0', 'Nulo', '20', '4']","['02/02/2016', '0.0', '4.7', '20.0', '4.0']",7,4.7
130,14076-JESUS MARIA.txt,"['03/05/2012', '0', '10.2', '30', '12']","['03/05/2012', '0', '10.2', 'Nulo', '12']","['03/05/2012', '0.0', '10.2', '34.6', '12.0']",30,34.6
131,14076-JESUS MARIA.txt,"['29/04/2009', '0', '4.5', '29', '11']","['29/04/2009', '0', '4.5', '29', 'Nulo']","['29/04/2009', '0.0', '4.5', '29.0', 'Nulo']",11,Nulo
132,14078-JUCHITLAN.txt,"['26/11/2013', '0', '2.5', '25', '11']","['26/11/2013', '0', '2.5', '25', 'Nulo']","['26/11/2013', '0.0', '2.5', '25.0', '11.6']",11,11.6
133,14078-JUCHITLAN.txt,"['02/11/2008', '0', '5.3', '28', '12']","['02/11/2008', 'Nulo', '5.3', '28', '12']","['02/11/2008', '0.0', '5.3', '28.0', '12.0']",0,0.0
134,14078-JUCHITLAN.txt,"['06/10/2010', '0', '7.6', '28', '12']","['06/10/2010', '0', 'Nulo', '28', '12']","['06/10/2010', '0.0', '3.7', '28.0', '12.0']",7.6,3.7
135,14080-YAHUALICA DE GONZALEZ GALLO.txt,"['16/06/2015', '0', '2.1', '28', '17']","['16/06/2015', 'Nulo', '2.1', '28', '17']","['16/06/2015', '0.0', '2.1', '28.0', '17.0']",0,0.0
136,14080-YAHUALICA DE GONZALEZ GALLO.txt,"['05/10/2010', '0', '4.3', '28', '6']","['05/10/2010', 'Nulo', '4.3', '28', '6']","['05/10/2010', '0.0', '4.3', '28.0', '6.0']",0,0.0
137,14080-YAHUALICA DE GONZALEZ GALLO.txt,"['07/12/2014', '0', '4.2', '32', '3.5']","['07/12/2014', '0', '4.2', 'Nulo', '3.5']","['07/12/2014', '0.0', '4.2', '26.0', '3.5']",32,26.0
138,14081-PUERTO VALLARTA.txt,"['16/07/2010', '0', '4', '33.5', '25']","['16/07/2010', 'Nulo', '4', '33.5', '25']","['16/07/2010', '1.1', '4.0', '33.5', '25.0']",0,1.1
139,14081-PUERTO VALLARTA.txt,"['16/08/2012', '0', '6', '33.5', '23']","['16/08/2012', '0', '6', '33.5', 'Nulo']","['16/08/2012', '0.0', '6.0', '33.5', '20.4']",23,20.4
140,14081-PUERTO VALLARTA.txt,"['13/08/2012', '3', '2', '31', '25']","['13/08/2012', '3', '2', 'Nulo', '25']","['13/08/2012', '3.0', '2.0', '29.7', '25.0']",31,29.7
141,14083-LAGOS DE MORENO.txt,"['16/06/2012', '0', '7.1', '32.9', '14.6']","['16/06/2012', '0', '7.1', '32.9', 'Nulo']","['16/06/2012', '0.0', '7.1', '32.9', '14.9']",14.6,14.9
142,14083-LAGOS DE MORENO.txt,"['14/05/2016', '0', '7.9', '32.8', '16.9']","['14/05/2016', '0', '7.9', '32.8', 'Nulo']","['14/05/2016', '0.0', '7.9', '32.8', '13.1']",16.9,13.1
143,14083-LAGOS DE MORENO.txt,"['14/07/2012', '3.6', '2.1', '22.5', '14']","['14/07/2012', 'Nulo', '2.1', '22.5', '14']","['14/07/2012', '1.1', '2.1', '22.5', '14.0']",3.6,1.1
144,14084-LAGOS DE MORENO.txt,"['11/03/2013', '0', '8.9', '27.5', '2.5']","['11/03/2013', '0', '8.9', 'Nulo', '2.5']","['11/03/2013', '0.0', '8.9', '29.6', '2.5']",27.5,29.6
145,14084-LAGOS DE MORENO.txt,"['06/01/2010', '0', '1.7', '21.5', '1.5']","['06/01/2010', '0', '1.7', 'Nulo', '1.5']","['06/01/2010', '0.0', '1.7', '20.9', '1.5']",21.5,20.9
146,14084-LAGOS DE MORENO.txt,"['23/06/2011', '6.3', '5.3', '26.5', '15']","['23/06/2011', '6.3', '5.3', 'Nulo', '15']","['23/06/2011', '6.3', '5.3', '30.9', '15.0']",26.5,30.9
147,14085-LA HUERTA.txt,"['17/01/2010', '0', '2.5', '21', '-2']","['17/01/2010', '0', '2.5', 'Nulo', '-2']","['17/01/2010', '0.0', '2.5', '32.4', '-2.0']",21,32.4
148,14085-LA HUERTA.txt,"['01/01/2010', '0', '2.3', '24.5', '7.5']","['01/01/2010', 'Nulo', '2.3', '24.5', '7.5']","['01/01/2010', '0.1', '2.3', '24.5', '7.5']",0,0.1
149,14085-LA HUERTA.txt,"['09/01/2010', '0', '2.5', '21.5', '5.5']","['09/01/2010', '0', 'Nulo', '21.5', '5.5']","['09/01/2010', '0.0', '3.4', '21.5', '5.5']",2.5,3.4
150,14086-LA MANZANILLA DE LA PAZ.txt,"['28/03/2015', '0', '6.1', '26', '7']","['28/03/2015', '0', '6.1', 'Nulo', '7']","['28/03/2015', '0.0', '6.1', '24.5', '7.0']",26,24.5
151,14086-LA MANZANILLA DE LA PAZ.txt,"['15/04/2015', '0', '5.3', '27.5', '8']","['15/04/2015', '0', 'Nulo', '27.5', '8']","['15/04/2015', '0.0', '7.4', '27.5', '8.0']",5.3,7.4
152,14086-LA MANZANILLA DE LA PAZ.txt,"['07/03/2013', '0', '4.8', '25.5', '4']","['07/03/2013', 'Nulo', '4.8', '25.5', '4']","['07/03/2013', '0.0', '4.8', '25.5', '4.0']",0,0.0
153,14087-TEPATITLAN DE MORELOS.txt,"['01/02/2009', '0', '5.4', '25', '4.5']","['01/02/2009', '0', 'Nulo', '25', '4.5']","['01/02/2009', '0.0', '4.5', '25.0', '4.5']",5.4,4.5
154,14087-TEPATITLAN DE MORELOS.txt,"['17/08/2015', '0', '5.5', '27', '14']","['17/08/2015', '0', 'Nulo', '27', '14']","['17/08/2015', '0.0', '5.0', '27.0', '14.0']",5.5,5.0
155,14087-TEPATITLAN DE MORELOS.txt,"['08/04/2010', '0', '7.6', '30', '11']","['08/04/2010', '0', 'Nulo', '30', '11']","['08/04/2010', '0.0', '6.4', '30.0', '11.0']",7.6,6.4
156,14089-TEUCHITLAN.txt,"['26/07/2012', '2', '4.7', '35', '17.5']","['26/07/2012', '2', 'Nulo', '35', '17.5']","['26/07/2012', '2.0', '2.9', '35.0', '17.5']",4.7,2.9
157,14089-TEUCHITLAN.txt,"['29/05/2013', '0', '8.3', '38', '14.5']","['29/05/2013', '0', '8.3', 'Nulo', '14.5']","['29/05/2013', '0.0', '8.3', '35.4', '14.5']",38,35.4
158,14089-TEUCHITLAN.txt,"['13/06/2009', '0', '10.8', '39', '18.5']","['13/06/2009', 'Nulo', '10.8', '39', '18.5']","['13/06/2009', '0.0', '10.8', '39.0', '18.5']",0,0.0
159,14090-TOTOTLAN.txt,"['12/02/2012', '13.5', '2.1', '21.5', '9.5']","['12/02/2012', '13.5', '2.1', 'Nulo', '9.5']","['12/02/2012', '13.5', '2.1', '19.0', '9.5']",21.5,19.0
160,14090-TOTOTLAN.txt,"['27/12/2017', '0', '5.4', '30', '7']","['27/12/2017', '0', '5.4', 'Nulo', '7']","['27/12/2017', '0.0', '5.4', '27.7', '7.0']",30,27.7
161,14090-TOTOTLAN.txt,"['30/12/2013', '3', '2', '17', '8']","['30/12/2013', '3', '2', '17', 'Nulo']","['30/12/2013', '3.0', '2.0', '17.0', '10.1']",8,10.1
162,14093-MAGDALENA.txt,"['06/02/2010', '0', '0.7', '26', '3']","['06/02/2010', '0', '0.7', 'Nulo', '3']","['06/02/2010', '0.0', '0.7', '27.5', '3.0']",26,27.5
163,14093-MAGDALENA.txt,"['02/11/2008', '0', '5.3', '27', '9']","['02/11/2008', '0', 'Nulo', '27', '9']","['02/11/2008', '0.0', '4.7', '27.0', '9.0']",5.3,4.7
164,14093-MAGDALENA.txt,"['26/07/2011', '0', '12.1', '30', '17']","['26/07/2011', 'Nulo', '12.1', '30', '17']","['26/07/2011', '0.0', '12.1', '30.0', '17.0']",0,0.0
165,14096-MASCOTA.txt,"['17/11/2010', '0', '3.4', '28', '5.5']","['17/11/2010', 'Nulo', '3.4', '28', '5.5']","['17/11/2010', '0.0', '3.4', '28.0', '5.5']",0,0.0
166,14096-MASCOTA.txt,"['19/05/2012', '0', '8.7', '31.5', '12']","['19/05/2012', '0', '8.7', '31.5', 'Nulo']","['19/05/2012', '0.0', '8.7', '31.5', '11.4']",12,11.4
167,14096-MASCOTA.txt,"['02/05/2011', '0', '9.4', '33.5', '11']","['02/05/2011', '0', '9.4', 'Nulo', '11']","['02/05/2011', '0.0', '9.4', '36.7', '11.0']",33.5,36.7
168,14099-MAZAMITLA.txt,"['19/10/2015', '0', '4.7', '18', '13']","['19/10/2015', '0', '4.7', 'Nulo', '13']","['19/10/2015', '0.0', '4.7', '25.3', '13.0']",18,25.3
169,14099-MAZAMITLA.txt,"['14/03/2008', '0', 'Nulo', 'Nulo', 'Nulo']","['14/03/2008', 'Nulo', 'Nulo', 'Nulo', 'Nulo']","['14/03/2008', '0.0', '6.0', '30.9', '5.7']",0,0.0
170,14099-MAZAMITLA.txt,"['21/08/2015', '12', '3.2', '19', '15']","['21/08/2015', '12', '3.2', '19', 'Nulo']","['21/08/2015', '12.0', '3.2', '19.0', '12.3']",15,12.3
171,14100-MEXTICACAN.txt,"['08/10/2009', '0.5', 'Nulo', 'Nulo', 'Nulo']","['08/10/2009', 'Nulo', 'Nulo', 'Nulo', 'Nulo']","['08/10/2009', '8.4', '2.9', '26.5', '11.4']",0.5,8.4
172,14100-MEXTICACAN.txt,"['13/01/2015', '0', 'Nulo', 'Nulo', 'Nulo']","['13/01/2015', 'Nulo', 'Nulo', 'Nulo', 'Nulo']","['13/01/2015', '0.0', '3.5', '24.4', '3.8']",0,0.0
173,14100-MEXTICACAN.txt,"['11/12/2015', '6.5', 'Nulo', 'Nulo', 'Nulo']","['11/12/2015', 'Nulo', 'Nulo', 'Nulo', 'Nulo']","['11/12/2015', '0.0', '4.1', '22.0', '5.5']",6.5,0.0
174,14101-TEOCALTICHE.txt,"['14/03/2011', '0', '5.3', '30.5', '11']","['14/03/2011', '0', '5.3', 'Nulo', '11']","['14/03/2011', '0.0', '5.3', '30.4', '11.0']",30.5,30.4
175,14101-TEOCALTICHE.txt,"['29/03/2014', '0', '6.2', '31', '9.5']","['29/03/2014', '0', '6.2', 'Nulo', '9.5']","['29/03/2014', '0.0', '6.2', '32.2', '9.5']",31,32.2
176,14101-TEOCALTICHE.txt,"['13/06/2017', '0', '6.9', '36.5', '18.5']","['13/06/2017', '0', 'Nulo', '36.5', '18.5']","['13/06/2017', '0.0', '8.0', '36.5', '18.5']",6.9,8.0
177,14104-ZAPOTLANEJO.txt,"['18/03/2010', '0', 'Nulo', '23', '3.5']","['18/03/2010', 'Nulo', 'Nulo', '23', '3.5']","['18/03/2010', '0.0', '6.6', '23.0', '3.5']",0,0.0
178,14104-ZAPOTLANEJO.txt,"['01/04/2010', '0', 'Nulo', '26', '3']","['01/04/2010', 'Nulo', 'Nulo', '26', '3']","['01/04/2010', '0.0', '7.4', '26.0', '3.0']",0,0.0
179,14104-ZAPOTLANEJO.txt,"['26/10/2009', '0', 'Nulo', '29', '4.5']","['26/10/2009', '0', 'Nulo', '29', 'Nulo']","['26/10/2009', '0.0', '2.9', '29.0', '12.4']",4.5,12.4
180,14112-PIHUAMO.txt,"['09/01/2016', '0', '3.5', '28', '13.5']","['09/01/2016', '0', '3.5', 'Nulo', '13.5']","['09/01/2016', '0.0', '3.5', '30.2', '13.5']",28,30.2
181,14112-PIHUAMO.txt,"['17/05/2009', '1.5', '5.8', '38', '21']","['17/05/2009', 'Nulo', '5.8', '38', '21']","['17/05/2009', '2.8', '5.8', '38.0', '21.0']",1.5,2.8
182,14112-PIHUAMO.txt,"['17/04/2017', '0', '7.5', '30', '16']","['17/04/2017', '0', '7.5', 'Nulo', '16']","['17/04/2017', '0.0', '7.5', 'Nulo', '16.0']",30,Nulo
183,14113-ACATLAN DE JUAREZ.txt,"['15/09/2011', '0', '5.7', '34.5', '17.5']","['15/09/2011', 'Nulo', '5.7', '34.5', '17.5']","['15/09/2011', '0.2', '5.7', '34.5', '17.5']",0,0.2
184,14113-ACATLAN DE JUAREZ.txt,"['01/02/2009', '0', '4', 'Nulo', 'Nulo']","['01/02/2009', '0', 'Nulo', 'Nulo', 'Nulo']","['01/02/2009', '0.0', '3.8', '29.7', '6.4']",4,3.8
185,14113-ACATLAN DE JUAREZ.txt,"['21/12/2009', '0', '3', 'Nulo', 'Nulo']","['21/12/2009', '0', 'Nulo', 'Nulo', 'Nulo']","['21/12/2009', '0.0', '2.8', '27.3', '4.8']",3,2.8
186,14114-LAGOS DE MORENO.txt,"['05/09/2011', '0', '6.2', '24', '14']","['05/09/2011', '0', '6.2', '24', 'Nulo']","['05/09/2011', '0.0', '6.2', '24.0', '14.3']",14,14.3
187,14114-LAGOS DE MORENO.txt,"['13/06/2016', '2.8', '2.7', '28', '16']","['13/06/2016', '2.8', '2.7', 'Nulo', '16']","['13/06/2016', '2.8', '2.7', '28.5', '16.0']",28,28.5
188,14114-LAGOS DE MORENO.txt,"['16/08/2017', '2.5', '2.9', '27', '14']","['16/08/2017', '2.5', '2.9', 'Nulo', '14']","['16/08/2017', '2.5', '2.9', '28.8', '14.0']",27,28.8
189,14117-VILLA PURIFICACION.txt,"['18/10/2010', '0', 'Nulo', '33', '18']","['18/10/2010', '0', 'Nulo', 'Nulo', '18']","['18/10/2010', '0.0', '5.5', '32.5', '18.0']",33,32.5
190,14117-VILLA PURIFICACION.txt,"['17/08/2013', '22', 'Nulo', '34', '20']","['17/08/2013', '22', 'Nulo', 'Nulo', '20']","['17/08/2013', '22.0', '7.9', '34.7', '20.0']",34,34.7
191,14117-VILLA PURIFICACION.txt,"['24/11/2016', '0', 'Nulo', '31', '17']","['24/11/2016', 'Nulo', 'Nulo', '31', '17']","['24/11/2016', '0.0', '5.1', '31.0', '17.0']",0,0.0
192,14118-TUXPAN.txt,"['12/07/2010', '7.5', 'Nulo', '37.5', '18']","['12/07/2010', 'Nulo', 'Nulo', '37.5', '18']","['12/07/2010', '0.0', '4.0', '37.5', '18.0']",7.5,0.0
193,14118-TUXPAN.txt,"['19/08/2009', '32.5', 'Nulo', '35', '16']","['19/08/2009', '32.5', 'Nulo', 'Nulo', '16']","['19/08/2009', '32.5', '2.2', '31.1', '16.0']",35,31.1
194,14118-TUXPAN.txt,"['27/04/2016', '0', 'Nulo', '31', '12']","['27/04/2016', '0', 'Nulo', 'Nulo', '12']","['27/04/2016', '0.0', '5.6', '33.9', '12.0']",31,33.9
195,14119-QUITUPAN.txt,"['04/12/2010', '0', '3.8', '28.5', '6.5']","['04/12/2010', '0', 'Nulo', '28.5', '6.5']","['04/12/2010', '0.0', 'Nulo', '28.5', '6.5']",3.8,Nulo
196,14119-QUITUPAN.txt,"['15/12/2010', '0', '3.1', '26', '2']","['15/12/2010', '0', '3.1', 'Nulo', '2']","['15/12/2010', '0.0', '3.1', 'Nulo', '2.0']",26,Nulo
197,14119-QUITUPAN.txt,"['30/12/2010', '0', '3.9', '28', '7.5']","['30/12/2010', '0', '3.9', '28', 'Nulo']","['30/12/2010', '0.0', '3.9', '28.0', 'Nulo']",7.5,Nulo
198,14122-TEOCALTICHE.txt,"['10/04/2013', '0', '8.6', '28.5', '5']","['10/04/2013', '0', '8.6', '28.5', 'Nulo']","['10/04/2013', '0.0', '8.6', '28.5', '5.3']",5,5.3
199,14122-TEOCALTICHE.txt,"['11/11/2016', '1', 'Nulo', '18', '11']","['11/11/2016', '1', 'Nulo', 'Nulo', '11']","['11/11/2016', '1.0', '1.4', '21.0', '11.0']",18,21.0
200,14122-TEOCALTICHE.txt,"['25/07/2014', '1.1', 'Nulo', '27', '11.5']","['25/07/2014', 'Nulo', 'Nulo', '27', '11.5']","['25/07/2014', '1.1', '2.8', '27.0', '11.5']",1.1,1.1
201,14123-SAN DIEGO DE ALEJANDRIA.txt,"['06/03/2012', '0', '4.4', '28', '9']","['06/03/2012', 'Nulo', '4.4', '28', '9']","['06/03/2012', '0.0', '4.4', '28.0', '9.0']",0,0.0
202,14123-SAN DIEGO DE ALEJANDRIA.txt,"['20/11/2017', '0', '1.4', '28', '9']","['20/11/2017', '0', 'Nulo', '28', '9']","['20/11/2017', '0.0', '2.0', '28.0', '9.0']",1.4,2.0
203,14123-SAN DIEGO DE ALEJANDRIA.txt,"['31/03/2016', '0', 'Nulo', '30', '12']","['31/03/2016', 'Nulo', 'Nulo', '30', '12']","['31/03/2016', '0.0', '6.4', '30.0', '12.0']",0,0.0
204,14125-MIXTLAN.txt,"['02/08/2009', '14', '2.6', '26', '9']","['02/08/2009', '14', 'Nulo', '26', '9']","['02/08/2009', '14.0', '4.5', '26.0', '9.0']",2.6,4.5
205,14125-MIXTLAN.txt,"['18/12/2015', '0', '2.5', '21', '3']","['18/12/2015', 'Nulo', '2.5', '21', '3']","['18/12/2015', '0.0', '2.5', '21.0', '3.0']",0,0.0
206,14125-MIXTLAN.txt,"['11/02/2010', '2.2', '1', '20', '6']","['11/02/2010', '2.2', '1', 'Nulo', '6']","['11/02/2010', '2.2', '1.0', '19.5', '6.0']",20,19.5
207,14129-TONILA.txt,"['05/09/2013', '0', 'Nulo', '27', '12']","['05/09/2013', '0', 'Nulo', 'Nulo', '12']","['05/09/2013', '0.0', 'Nulo', '22.6', '12.0']",27,22.6
208,14129-TONILA.txt,"['07/06/2013', '0', 'Nulo', '31', '12']","['07/06/2013', '0', 'Nulo', '31', 'Nulo']","['07/06/2013', '0.0', 'Nulo', '31.0', 'Nulo']",12,Nulo
209,14129-TONILA.txt,"['17/02/2008', '0', 'Nulo', 'Nulo', 'Nulo']","['17/02/2008', 'Nulo', 'Nulo', 'Nulo', 'Nulo']","['17/02/2008', '0.0', 'Nulo', '35.1', '5.7']",0,0.0
210,14132-SAN PEDRO TLAQUEPAQUE.txt,"['25/02/2010', '0', 'Nulo', '18', '4']","['25/02/2010', 'Nulo', 'Nulo', '18', '4']","['25/02/2010', '0.0', '6.0', '18.0', '4.0']",0,0.0
211,14132-SAN PEDRO TLAQUEPAQUE.txt,"['27/05/2015', '3.1', 'Nulo', '34.5', '20']","['27/05/2015', 'Nulo', 'Nulo', '34.5', '20']","['27/05/2015', '3.2', '7.4', '34.5', '20.0']",3.1,3.2
212,14132-SAN PEDRO TLAQUEPAQUE.txt,"['16/08/2013', '0', 'Nulo', '31.5', '18.5']","['16/08/2013', 'Nulo', 'Nulo', '31.5', '18.5']","['16/08/2013', '0.0', '6.7', '31.5', '18.5']",0,0.0
213,14136-AMATITAN.txt,"['13/10/2010', '0', '5', '35', '19']","['13/10/2010', '0', '5', 'Nulo', '19']","['13/10/2010', '0.0', '5.0', '31.6', '19.0']",35,31.6
214,14136-AMATITAN.txt,"['19/04/2015', '0', '8.1', '36.5', '19']","['19/04/2015', '0', 'Nulo', '36.5', '19']","['19/04/2015', '0.0', '8.0', '36.5', '19.0']",8.1,8.0
215,14136-AMATITAN.txt,"['17/09/2015', '2', '1.5', '31.5', '20.5']","['17/09/2015', '2', '1.5', 'Nulo', '20.5']","['17/09/2015', '2.0', '1.5', '29.0', '20.5']",31.5,29.0
216,14139-UNION DE TULA.txt,"['05/05/2015', '0', '3.9', '30', '12']","['05/05/2015', '0', 'Nulo', '30', '12']","['05/05/2015', '0.0', '6.1', '30.0', '12.0']",3.9,6.1
217,14139-UNION DE TULA.txt,"['23/05/2014', '0', '4.7', '30', '10']","['23/05/2014', '0', '4.7', 'Nulo', '10']","['23/05/2014', '0.0', '4.7', '34.8', '10.0']",30,34.8
218,14139-UNION DE TULA.txt,"['30/03/2015', '0', '3.6', '30', '10']","['30/03/2015', '0', 'Nulo', '30', '10']","['30/03/2015', '0.0', '6.2', '30.0', '10.0']",3.6,6.2
219,14140-TALPA DE ALLENDE.txt,"['03/12/2011', '0', '3.7', '29', '5']","['03/12/2011', 'Nulo', '3.7', '29', '5']","['03/12/2011', '0.0', '3.7', '29.0', '5.0']",0,0.0
220,14140-TALPA DE ALLENDE.txt,"['06/10/2017', '5.5', '3.8', '30', '18']","['06/10/2017', '5.5', '3.8', '30', 'Nulo']","['06/10/2017', '5.5', '3.8', '30.0', '16.4']",18,16.4
221,14140-TALPA DE ALLENDE.txt,"['03/04/2011', '0', '5.9', '34', '4']","['03/04/2011', '0', 'Nulo', '34', '4']","['03/04/2011', '0.0', '7.8', '34.0', '4.0']",5.9,7.8
222,14141-TAMAZULA DE GORDIANO.txt,"['06/02/2015', '0', '4.6', '30.5', '10']","['06/02/2015', '0', '4.6', 'Nulo', '10']","['06/02/2015', '0.0', '4.6', '24.6', '10.0']",30.5,24.6
223,14141-TAMAZULA DE GORDIANO.txt,"['23/11/2014', '0', '2.7', '30', '13.5']","['23/11/2014', '0', '2.7', 'Nulo', '13.5']","['23/11/2014', '0.0', '2.7', '29.0', '13.5']",30,29.0
224,14141-TAMAZULA DE GORDIANO.txt,"['09/12/2014', '0', '2.7', '29', '10']","['09/12/2014', '0', '2.7', 'Nulo', '10']","['09/12/2014', '0.0', '2.7', '26.6', '10.0']",29,26.6
225,14142-TAPALPA.txt,"['22/08/2016', '0', '2.7', '27', '11']","['22/08/2016', '0', '2.7', 'Nulo', '11']","['22/08/2016', '0.0', '2.7', '24.2', '11.0']",27,24.2
226,14142-TAPALPA.txt,"['20/11/2010', '0', '2.1', '27', '5']","['20/11/2010', '0', '2.1', '27', 'Nulo']","['20/11/2010', '0.0', '2.1', '27.0', 'Nulo']",5,Nulo
227,14142-TAPALPA.txt,"['16/04/2015', '0', '5.3', '28', '6']","['16/04/2015', '0', 'Nulo', '28', '6']","['16/04/2015', '0.0', '8.0', '28.0', '6.0']",5.3,8.0
228,14143-TECOLOTLAN.txt,"['11/12/2011', '0', '3.7', '29', '6']","['11/12/2011', '0', '3.7', '29', 'Nulo']","['11/12/2011', '0.0', '3.7', '29.0', '9.5']",6,9.5
229,14143-TECOLOTLAN.txt,"['15/09/2011', '0', '3.3', '29', '18']","['15/09/2011', 'Nulo', '3.3', '29', '18']","['15/09/2011', '0.1', '3.3', '29.0', '18.0']",0,0.1
230,14143-TECOLOTLAN.txt,"['04/01/2013', '0', '1.4', '26', '8']","['04/01/2013', '0', '1.4', '26', 'Nulo']","['04/01/2013', '0.0', '1.4', '26.0', '8.7']",8,8.7
231,14144-COLOTLAN.txt,"['04/10/2016', '0', '4.8', '29', '11']","['04/10/2016', '0', '4.8', '29', 'Nulo']","['04/10/2016', '0.0', '4.8', '29.0', '12.2']",11,12.2
232,14144-COLOTLAN.txt,"['17/12/2012', '0', '4.2', '25', '6']","['17/12/2012', '0', '4.2', 'Nulo', '6']","['17/12/2012', '0.0', '4.2', '25.8', '6.0']",25,25.8
233,14144-COLOTLAN.txt,"['23/06/2017', '12', '7.9', '36', '18']","['23/06/2017', '12', '7.9', '36', 'Nulo']","['23/06/2017', '12.0', '7.9', '36.0', '18.8']",18,18.8
234,14145-TEOCALTICHE.txt,"['09/03/2014', '1.5', '5', '27', '9']","['09/03/2014', '1.5', 'Nulo', '27', '9']","['09/03/2014', '1.5', '3.6', '27.0', '9.0']",5,3.6
235,14145-TEOCALTICHE.txt,"['13/11/2014', '0', '2.4', '27', '10.5']","['13/11/2014', '0', '2.4', 'Nulo', '10.5']","['13/11/2014', '0.0', '2.4', '25.9', '10.5']",27,25.9
236,14145-TEOCALTICHE.txt,"['18/05/2012', '0', '6.4', '36', '15']","['18/05/2012', '0', '6.4', '36', 'Nulo']","['18/05/2012', '0.0', '6.4', '36.0', '13.3']",15,13.3
237,14146-TEOCUITATLAN DE CORONA.txt,"['20/03/2010', '0', '5.9', '29.5', '9']","['20/03/2010', '0', '5.9', 'Nulo', '9']","['20/03/2010', '0.0', '5.9', '28.5', '9.0']",29.5,28.5
238,14146-TEOCUITATLAN DE CORONA.txt,"['13/10/2016', '0', '6.4', '32.5', '16.5']","['13/10/2016', 'Nulo', '6.4', '32.5', '16.5']","['13/10/2016', '2.2', '6.4', '32.5', '16.5']",0,2.2
239,14146-TEOCUITATLAN DE CORONA.txt,"['12/03/2012', '0', '4.3', '32.5', '13']","['12/03/2012', '0', '4.3', '32.5', 'Nulo']","['12/03/2012', '0.0', '4.3', '32.5', '11.6']",13,11.6
240,14155-TUXCACUESCO.txt,"['12/09/2017', '0', 'Nulo', '36', '22']","['12/09/2017', '0', 'Nulo', 'Nulo', '22']","['12/09/2017', '0.0', '3.3', '33.7', '22.0']",36,33.7
241,14155-TUXCACUESCO.txt,"['18/07/2016', '0.5', 'Nulo', '36', '21']","['18/07/2016', '0.5', 'Nulo', 'Nulo', '21']","['18/07/2016', '0.5', '3.3', '33.9', '21.0']",36,33.9
242,14155-TUXCACUESCO.txt,"['27/03/2013', '0', 'Nulo', '36', '13']","['27/03/2013', '0', 'Nulo', '36', 'Nulo']","['27/03/2013', '0.0', '7.8', '36.0', '12.7']",13,12.7
243,14156-TUXCUECA.txt,"['10/07/2008', '5.5', '2.2', '23', '17']","['10/07/2008', 'Nulo', '2.2', '23', '17']","['10/07/2008', '5.8', '2.2', '23.0', '17.0']",5.5,5.8
244,14156-TUXCUECA.txt,"['18/04/2012', '0', '8.2', '29', '14']","['18/04/2012', '0', 'Nulo', '29', '14']","['18/04/2012', '0.0', '7.1', '29.0', '14.0']",8.2,7.1
245,14156-TUXCUECA.txt,"['16/09/2008', '2.5', '2.4', '24', '16']","['16/09/2008', '2.5', '2.4', 'Nulo', '16']","['16/09/2008', '2.5', '2.4', '23.6', '16.0']",24,23.6
246,14157-UNION DE SAN ANTONIO.txt,"['01/12/2012', '0', '2.9', '26', '8']","['01/12/2012', '0', '2.9', '26', 'Nulo']","['01/12/2012', '0.0', '2.9', '26.0', '9.1']",8,9.1
247,14157-UNION DE SAN ANTONIO.txt,"['11/02/2010', '0', '2', '23', '7']","['11/02/2010', '0', 'Nulo', '23', '7']","['11/02/2010', '0.0', '1.9', '23.0', '7.0']",2,1.9
248,14157-UNION DE SAN ANTONIO.txt,"['10/08/2014', '0', '5.5', '28', '11']","['10/08/2014', '0', 'Nulo', '28', '11']","['10/08/2014', '0.0', '5.2', '28.0', '11.0']",5.5,5.2
249,14160-VALLE DE JUAREZ.txt,"['05/10/2013', '0', '4.3', '26', '11']","['05/10/2013', 'Nulo', '4.3', '26', '11']","['05/10/2013', '2.3', '4.3', '26.0', '11.0']",0,2.3
250,14160-VALLE DE JUAREZ.txt,"['12/08/2018', '16', '3.9', '31', '12']","['12/08/2018', '16', 'Nulo', '31', '12']","['12/08/2018', '16.0', 'Nulo', '31.0', '12.0']",3.9,Nulo
251,14160-VALLE DE JUAREZ.txt,"['09/12/2011', '0', '2.7', '25', '6']","['09/12/2011', '0', '2.7', '25', 'Nulo']","['09/12/2011', '0.0', '2.7', '25.0', '8.9']",6,8.9
252,14164-VILLA GUERRERO.txt,"['02/01/2014', '0', '1.8', '16.5', '6']","['02/01/2014', '0', '1.8', 'Nulo', '6']","['02/01/2014', '0.0', '1.8', '20.0', '6.0']",16.5,20.0
253,14164-VILLA GUERRERO.txt,"['07/02/2009', '0', '5.1', '26', '4']","['07/02/2009', '0', '5.1', '26', 'Nulo']","['07/02/2009', '0.0', '5.1', '26.0', '3.6']",4,3.6
254,14164-VILLA GUERRERO.txt,"['17/09/2010', '0', '4.1', '30', '13']","['17/09/2010', '0', '4.1', '30', 'Nulo']","['17/09/2010', '0.0', '4.1', '30.0', '11.1']",13,11.1
255,14165-CAÑADAS DE OBREGON.txt,"['23/02/2009', '0', '6.6', '26', '2']","['23/02/2009', '0', '6.6', '26', 'Nulo']","['23/02/2009', '0.0', '6.6', '26.0', '8.2']",2,8.2
256,14165-CAÑADAS DE OBREGON.txt,"['11/10/2008', '7.5', '3.7', '28', '14']","['11/10/2008', 'Nulo', '3.7', '28', '14']","['11/10/2008', '16.5', '3.7', '28.0', '14.0']",7.5,16.5
257,14165-CAÑADAS DE OBREGON.txt,"['06/08/2018', '51.6', '3.7', '26.5', '17.5']","['06/08/2018', 'Nulo', '3.7', '26.5', '17.5']","['06/08/2018', '18.0', '3.7', '26.5', '17.5']",51.6,18.0
258,14167-YAHUALICA DE GONZALEZ GALLO.txt,"['06/10/2008', '0', 'Nulo', '28', '14']","['06/10/2008', '0', 'Nulo', '28', 'Nulo']","['06/10/2008', '0.0', '4.2', '28.0', '11.5']",14,11.5
259,14167-YAHUALICA DE GONZALEZ GALLO.txt,"['27/12/2015', '0', '6.1', '23', '6']","['27/12/2015', '0', '6.1', '23', 'Nulo']","['27/12/2015', '0.0', '6.1', '23.0', '6.9']",6,6.9
260,14167-YAHUALICA DE GONZALEZ GALLO.txt,"['10/11/2011', '0', 'Nulo', '24', '3']","['10/11/2011', 'Nulo', 'Nulo', '24', '3']","['10/11/2011', '0.0', '3.7', '24.0', '3.0']",0,0.0
261,14168-ZACOALCO DE TORRES.txt,"['15/04/2012', '0', 'Nulo', '33', '13']","['15/04/2012', '0', 'Nulo', 'Nulo', '13']","['15/04/2012', '0.0', '7.7', '33.5', '13.0']",33,33.5
262,14168-ZACOALCO DE TORRES.txt,"['28/03/2008', '0', 'Nulo', '33', '11']","['28/03/2008', '0', 'Nulo', 'Nulo', '11']","['28/03/2008', '0.0', '7.7', '33.7', '11.0']",33,33.7
263,14168-ZACOALCO DE TORRES.txt,"['30/03/2018', '0', 'Nulo', '31', '12']","['30/03/2018', '0', 'Nulo', '31', 'Nulo']","['30/03/2018', '0.0', 'Nulo', '31.0', 'Nulo']",12,Nulo
264,14169-ZAPOPAN.txt,"['26/01/2010', '0', 'Nulo', '30', '9']","['26/01/2010', '0', 'Nulo', '30', 'Nulo']","['26/01/2010', '0.0', '3.5', '30.0', '8.0']",9,8.0
265,14169-ZAPOPAN.txt,"['01/09/2016', '2.5', 'Nulo', '27', '15']","['01/09/2016', 'Nulo', 'Nulo', '27', '15']","['01/09/2016', '12.3', '5.8', '27.0', '15.0']",2.5,12.3
266,14169-ZAPOPAN.txt,"['21/08/2008', '32', 'Nulo', '25', '16.5']","['21/08/2008', '32', 'Nulo', 'Nulo', '16.5']","['21/08/2008', '32.0', '1.7', '27.1', '16.5']",25,27.1
267,14179-OJUELOS DE JALISCO.txt,"['01/10/2014', '0', '4', '23', '9']","['01/10/2014', '0', 'Nulo', '23', '9']","['01/10/2014', '0.0', '3.6', '23.0', '9.0']",4,3.6
268,14179-OJUELOS DE JALISCO.txt,"['01/02/2011', '0', '7', '20', '4']","['01/02/2011', '0', 'Nulo', '20', '4']","['01/02/2011', '0.0', '4.5', '20.0', '4.0']",7,4.5
269,14179-OJUELOS DE JALISCO.txt,"['11/12/2015', '0', '5', '20', '3']","['11/12/2015', '0', 'Nulo', '20', '3']","['11/12/2015', '0.0', '2.1', '20.0', '3.0']",5,2.1
270,14180-QUITUPAN.txt,"['20/10/2009', '0', '2.8', '30.5', '13']","['20/10/2009', '0', '2.8', 'Nulo', '13']","['20/10/2009', '0.0', '2.8', 'Nulo', '13.0']",30.5,Nulo
271,14180-QUITUPAN.txt,"['16/01/2016', '0', '3.8', '25.5', '3']","['16/01/2016', 'Nulo', '3.8', '25.5', '3']","['16/01/2016', '0.0', '3.8', '25.5', '3.0']",0,0.0
272,14180-QUITUPAN.txt,"['28/09/2017', '0', '3.5', '27', '15']","['28/09/2017', '0', '3.5', 'Nulo', '15']","['28/09/2017', '0.0', '3.5', 'Nulo', '15.0']",27,Nulo
273,14187-TEQUILA.txt,"['22/02/2017', '0', '5.3', '31', '10']","['22/02/2017', 'Nulo', '5.3', '31', '10']","['22/02/2017', '0.0', '5.3', '31.0', '10.0']",0,0.0
274,14187-TEQUILA.txt,"['28/04/2016', '0', '8.8', '36', '13']","['28/04/2016', '0', '8.8', 'Nulo', '13']","['28/04/2016', '0.0', '8.8', '34.4', '13.0']",36,34.4
275,14187-TEQUILA.txt,"['14/02/2014', '0', '4.1', '32', '10']","['14/02/2014', 'Nulo', '4.1', '32', '10']","['14/02/2014', '0.0', '4.1', '32.0', '10.0']",0,0.0
276,14189-TIZAPAN EL ALTO.txt,"['03/05/2009', '0', '10.1', '32', '16']","['03/05/2009', 'Nulo', '10.1', '32', '16']","['03/05/2009', '0.0', '10.1', '32.0', '16.0']",0,0.0
277,14189-TIZAPAN EL ALTO.txt,"['03/11/2013', '0', '4.1', '28', '13']","['03/11/2013', '0', '4.1', '28', 'Nulo']","['03/11/2013', '0.0', '4.1', '28.0', '13.3']",13,13.3
278,14189-TIZAPAN EL ALTO.txt,"['15/05/2008', '0', '7.9', '31.5', '15']","['15/05/2008', '0', 'Nulo', '31.5', '15']","['15/05/2008', '0.0', '5.9', '31.5', '15.0']",7.9,5.9
279,14191-VALLE DE JUAREZ.txt,"['29/07/2014', '3', '3', '24', '11']","['29/07/2014', '3', '3', 'Nulo', '11']","['29/07/2014', '3.0', '3.0', '23.7', '11.0']",24,23.7
280,14191-VALLE DE JUAREZ.txt,"['11/01/2016', '0', '3', '19', '8']","['11/01/2016', '0', 'Nulo', '19', '8']","['11/01/2016', '0.0', '3.0', '19.0', '8.0']",3,3.0
281,14191-VALLE DE JUAREZ.txt,"['27/03/2016', '0', '4.2', '25', '7']","['27/03/2016', '0', '4.2', 'Nulo', '7']","['27/03/2016', '0.0', '4.2', '25.1', '7.0']",25,25.1
282,14195-SAN JUANITO DE ESCOBEDO.txt,"['17/12/2017', '66', '4', '21', '2']","['17/12/2017', '66', '4', '21', 'Nulo']","['17/12/2017', '66.0', '4.0', '21.0', '10.9']",2,10.9
283,14195-SAN JUANITO DE ESCOBEDO.txt,"['15/04/2015', '0', '4.5', '26', '15']","['15/04/2015', 'Nulo', '4.5', '26', '15']","['15/04/2015', '0.0', '4.5', '26.0', '15.0']",0,0.0
284,14195-SAN JUANITO DE ESCOBEDO.txt,"['09/06/2016', '0', '4', '29', '17']","['09/06/2016', '0', 'Nulo', '29', '17']","['09/06/2016', '0.0', '7.5', '29.0', '17.0']",4,7.5
285,14197-UNION DE TULA.txt,"['27/02/2015', '0', '5.6', '29', 'Nulo']","['27/02/2015', 'Nulo', '5.6', '29', 'Nulo']","['27/02/2015', '0.0', '5.6', '29.0', '10.9']",0,0.0
286,14197-UNION DE TULA.txt,"['23/03/2012', '0', '6.3', '30.5', '7']","['23/03/2012', '0', '6.3', 'Nulo', '7']","['23/03/2012', '0.0', '6.3', '32.8', '7.0']",30.5,32.8
287,14197-UNION DE TULA.txt,"['10/03/2015', '30.6', '8.4', '19', '10']","['10/03/2015', '30.6', 'Nulo', '19', '10']","['10/03/2015', '30.6', '6.0', '19.0', '10.0']",8.4,6.0
288,14198-CUAUTITLAN DE GARCIA BARRAGAN.txt,"['25/12/2015', '0', '3.1', '32.5', '18.5']","['25/12/2015', 'Nulo', '3.1', '32.5', '18.5']","['25/12/2015', '0.0', '3.1', '32.5', '18.5']",0,0.0
289,14198-CUAUTITLAN DE GARCIA BARRAGAN.txt,"['18/08/2017', '1.2', '4', '33', '21']","['18/08/2017', '1.2', 'Nulo', '33', '21']","['18/08/2017', '1.2', '4.5', '33.0', '21.0']",4,4.5
290,14199-PONCITLAN.txt,"['12/09/2013', '0', '2.7', '24', '16']","['12/09/2013', '0', 'Nulo', '24', '16']","['12/09/2013', '0.0', '4.2', '24.0', '16.0']",2.7,4.2
291,14199-PONCITLAN.txt,"['31/10/2013', '0', '3.8', '26', '15']","['31/10/2013', '0', '3.8', '26', 'Nulo']","['31/10/2013', '0.0', '3.8', '26.0', '11.4']",15,11.4
292,14199-PONCITLAN.txt,"['09/02/2016', '0', '6.3', '25', '7']","['09/02/2016', '0', 'Nulo', '25', '7']","['09/02/2016', '0.0', '4.2', '25.0', '7.0']",6.3,4.2
293,14200-SAN PEDRO TLAQUEPAQUE.txt,"['17/09/2015', '0', '3.9', '28.5', '16.5']","['17/09/2015', '0', '3.9', '28.5', 'Nulo']","['17/09/2015', '0.0', '3.9', '28.5', '16.4']",16.5,16.4
294,14200-SAN PEDRO TLAQUEPAQUE.txt,"['23/06/2017', '0', '7.9', '34.5', '19']","['23/06/2017', '0', 'Nulo', '34.5', '19']","['23/06/2017', '0.0', '8.3', '34.5', '19.0']",7.9,8.3
295,14200-SAN PEDRO TLAQUEPAQUE.txt,"['02/06/2018', '0', '8.9', '36', '20']","['02/06/2018', '0', '8.9', 'Nulo', '20']","['02/06/2018', '0.0', '8.9', '35.7', '20.0']",36,35.7
296,14266-JALOSTOTITLAN.txt,"['29/09/2010', '0', '4.9', '29', '9.5']","['29/09/2010', '0', '4.9', '29', 'Nulo']","['29/09/2010', '0.0', '4.9', '29.0', '11.9']",9.5,11.9
297,14266-JALOSTOTITLAN.txt,"['15/02/2010', '0', '3.4', '24', '2.5']","['15/02/2010', '0', '3.4', '24', 'Nulo']","['15/02/2010', '0.0', '3.4', '24.0', '5.2']",2.5,5.2
298,14266-JALOSTOTITLAN.txt,"['23/02/2011', '0', '6.5', '29.5', '0.5']","['23/02/2011', '0', 'Nulo', '29.5', '0.5']","['23/02/2011', '0.0', '5.9', '29.5', '0.5']",6.5,5.9
299,14269-AHUALULCO DE MERCADO.txt,"['22/12/2012', '0', '3.7', '29.5', '8']","['22/12/2012', '0', '3.7', 'Nulo', '8']","['22/12/2012', '0.0', '3.7', '28.2', '8.0']",29.5,28.2
300,14269-AHUALULCO DE MERCADO.txt,"['05/08/2014', '26', '7', '32', '17']","['05/08/2014', '26', '7', '32', 'Nulo']","['05/08/2014', '26.0', '7.0', '32.0', '15.9']",17,15.9
301,14269-AHUALULCO DE MERCADO.txt,"['30/07/2010', '0', '5.6', '30', '16']","['30/07/2010', '0', 'Nulo', '30', '16']","['30/07/2010', '0.0', '5.0', '30.0', '16.0']",5.6,5.0
302,14294-TLAJOMULCO DE ZUÑIGA.txt,"['21/10/2008', '2.3', 'Nulo', '27.4', '12.5']","['21/10/2008', '2.3', 'Nulo', 'Nulo', '12.5']","['21/10/2008', '2.3', '4.1', '27.9', '12.5']",27.4,27.9
303,14294-TLAJOMULCO DE ZUÑIGA.txt,"['01/05/2008', '0', 'Nulo', '31.5', '11.5']","['01/05/2008', '0', 'Nulo', 'Nulo', '11.5']","['01/05/2008', '0.0', '7.9', '32.9', '11.5']",31.5,32.9
304,14294-TLAJOMULCO DE ZUÑIGA.txt,"['10/11/2008', '0', 'Nulo', '26.2', '6.2']","['10/11/2008', '0', 'Nulo', '26.2', 'Nulo']","['10/11/2008', '0.0', '3.4', '26.2', '9.8']",6.2,9.8
305,14297-GUACHINANGO.txt,"['27/06/2008', '6.4', '6.2', '30', '17']","['27/06/2008', '6.4', 'Nulo', '30', '17']","['27/06/2008', '6.4', '3.8', '30.0', '17.0']",6.2,3.8
306,14297-GUACHINANGO.txt,"['26/11/2010', '0', '3.5', '26', '3']","['26/11/2010', '0', '3.5', '26', 'Nulo']","['26/11/2010', '0.0', '3.5', '26.0', '6.0']",3,6.0
307,14297-GUACHINANGO.txt,"['05/03/2016', '0', '7.1', '29.5', '8.5']","['05/03/2016', 'Nulo', '7.1', '29.5', '8.5']","['05/03/2016', '0.0', '7.1', '29.5', '8.5']",0,0.0
308,14306-HUEJUQUILLA EL ALTO.txt,"['11/11/2008', '0', '3.3', '19', '-3']","['11/11/2008', '0', '3.3', 'Nulo', '-3']","['11/11/2008', '0.0', '3.3', '26.1', '-3.0']",19,26.1
309,14306-HUEJUQUILLA EL ALTO.txt,"['27/07/2011', '2', '0.9', '27', '15']","['27/07/2011', '2', '0.9', '27', 'Nulo']","['27/07/2011', '2.0', '0.9', '27.0', '9.3']",15,9.3
310,14306-HUEJUQUILLA EL ALTO.txt,"['28/04/2010', '0', '8.8', '30', '2.5']","['28/04/2010', 'Nulo', '8.8', '30', '2.5']","['28/04/2010', '0.0', '8.8', '30.0', '2.5']",0,0.0
311,14311-TOLIMAN.txt,"['20/05/2010', '0', '7.7', '37.5', '15']","['20/05/2010', '0', '7.7', 'Nulo', '15']","['20/05/2010', '0.0', '7.7', '40.5', '15.0']",37.5,40.5
312,14311-TOLIMAN.txt,"['28/06/2018', '27.9', '8.9', '34', '20']","['28/06/2018', '27.9', 'Nulo', '34', '20']","['28/06/2018', '27.9', '7.3', '34.0', '20.0']",8.9,7.3
313,14311-TOLIMAN.txt,"['04/02/2008', '0', '5.9', '33.5', '8']","['04/02/2008', '0', '5.9', 'Nulo', '8']","['04/02/2008', '0.0', '5.9', '35.1', '8.0']",33.5,35.1
314,14317-MIXTLAN.txt,"['12/10/2008', '18', '8.2', '29', '17']","['12/10/2008', '18', 'Nulo', '29', '17']","['12/10/2008', '18.0', '2.1', '29.0', '17.0']",8.2,2.1
315,14317-MIXTLAN.txt,"['01/01/2011', '0', '4.5', '28', '0.5']","['01/01/2011', '0', '4.5', '28', 'Nulo']","['01/01/2011', '0.0', '4.5', '28.0', '-1.7']",0.5,-1.7
316,14317-MIXTLAN.txt,"['30/05/2008', '45', '6.8', '34', '13']","['30/05/2008', '45', 'Nulo', '34', '13']","['30/05/2008', '45.0', '6.4', '34.0', '13.0']",6.8,6.4
317,14320-LAGOS DE MORENO.txt,"['31/08/2009', '4.7', '3.3', '27.5', '15.5']","['31/08/2009', '4.7', '3.3', 'Nulo', '15.5']","['31/08/2009', '4.7', '3.3', '26.2', '15.5']",27.5,26.2
318,14320-LAGOS DE MORENO.txt,"['05/04/2009', '0', '7.9', '33.5', '6']","['05/04/2009', '0', 'Nulo', '33.5', '6']","['05/04/2009', '0.0', '7.3', '33.5', '6.0']",7.9,7.3
319,14320-LAGOS DE MORENO.txt,"['23/06/2011', '2.5', '2', '26.5', '15.5']","['23/06/2011', 'Nulo', '2', '26.5', '15.5']","['23/06/2011', '4.8', '2.0', '26.5', '15.5']",2.5,4.8
320,14323-TECHALUTA DE MONTENEGRO.txt,"['26/07/2014', '0', '1.4', '33', '15.5']","['26/07/2014', 'Nulo', '1.4', '33', '15.5']","['26/07/2014', '0.0', '1.4', '33.0', '15.5']",0,0.0
321,14323-TECHALUTA DE MONTENEGRO.txt,"['11/11/2018', '0', 'Nulo', '30', '13']","['11/11/2018', '0', 'Nulo', 'Nulo', '13']","['11/11/2018', '0.0', 'Nulo', 'Nulo', '13.0']",30,Nulo
322,14323-TECHALUTA DE MONTENEGRO.txt,"['27/03/2014', '0', '7.8', '30', '13']","['27/03/2014', '0', 'Nulo', '30', '13']","['27/03/2014', '0.0', '7.6', '30.0', '13.0']",7.8,7.6
323,14324-TOTATICHE.txt,"['17/06/2017', '0', '9.6', '32.5', '18']","['17/06/2017', '0', '9.6', '32.5', 'Nulo']","['17/06/2017', '0.0', '9.6', '32.5', '17.4']",18,17.4
324,14324-TOTATICHE.txt,"['24/06/2018', '2', '3.5', '26.5', '16']","['24/06/2018', '2', '3.5', 'Nulo', '16']","['24/06/2018', '2.0', '3.5', 'Nulo', '16.0']",26.5,Nulo
325,14324-TOTATICHE.txt,"['18/07/2018', '0', '5.5', '26', '15']","['18/07/2018', 'Nulo', '5.5', '26', '15']","['18/07/2018', 'Nulo', '5.5', '26.0', '15.0']",0,Nulo
326,14326-MEZQUITIC.txt,"['19/01/2018', '0', 'Nulo', '28', '3']","['19/01/2018', '0', 'Nulo', 'Nulo', '3']","['19/01/2018', '0.0', '3.4', '24.8', '3.0']",28,24.8
327,14326-MEZQUITIC.txt,"['11/10/2015', '0', '6.4', '34', '14']","['11/10/2015', 'Nulo', '6.4', '34', '14']","['11/10/2015', '0.0', '6.4', '34.0', '14.0']",0,0.0
328,14326-MEZQUITIC.txt,"['08/08/2008', '3', '1.4', '30', '16']","['08/08/2008', '3', '1.4', 'Nulo', '16']","['08/08/2008', '3.0', '1.4', '26.5', '16.0']",30,26.5
329,14329-GUADALAJARA.txt,"['06/07/2015', '0', '5.3', '29.5', '16.5']","['06/07/2015', '0', '5.3', '29.5', 'Nulo']","['06/07/2015', '0.0', '5.3', '29.5', '17.7']",16.5,17.7
330,14329-GUADALAJARA.txt,"['03/02/2011', '0', '4.1', '25', '10.5']","['03/02/2011', '0', '4.1', '25', 'Nulo']","['03/02/2011', '0.0', '4.1', '25.0', '11.9']",10.5,11.9
331,14329-GUADALAJARA.txt,"['09/06/2012', '0', '6.4', '35', '18.5']","['09/06/2012', '0', '6.4', '35', 'Nulo']","['09/06/2012', '0.0', '6.4', '35.0', '19.4']",18.5,19.4
332,14331-COLOTLAN.txt,"['17/06/2017', '0', 'Nulo', '34', '18']","['17/06/2017', 'Nulo', 'Nulo', '34', '18']","['17/06/2017', '0.0', '10.4', '34.0', '18.0']",0,0.0
333,14331-COLOTLAN.txt,"['20/11/2011', '0', '4.5', '29', '6.5']","['20/11/2011', '0', '4.5', 'Nulo', '6.5']","['20/11/2011', '0.0', '4.5', '28.1', '6.5']",29,28.1
334,14331-COLOTLAN.txt,"['08/06/2016', '0', 'Nulo', '35', '18']","['08/06/2016', '0', 'Nulo', 'Nulo', '18']","['08/06/2016', '0.0', '8.7', '31.0', '18.0']",35,31.0
335,14336-PIHUAMO.txt,"['11/07/2008', '1', '3.4', '29', '21.5']","['11/07/2008', '1', '3.4', 'Nulo', '21.5']","['11/07/2008', '1.0', '3.4', '31.6', '21.5']",29,31.6
336,14336-PIHUAMO.txt,"['31/01/2017', '0', '6.8', '28', '18']","['31/01/2017', 'Nulo', '6.8', '28', '18']","['31/01/2017', 'Nulo', '6.8', '28.0', '18.0']",0,Nulo
337,14336-PIHUAMO.txt,"['26/07/2008', '0', '4.1', '34.5', '21']","['26/07/2008', '0', '4.1', 'Nulo', '21']","['26/07/2008', '0.0', '4.1', '33.7', '21.0']",34.5,33.7
338,14337-YAHUALICA DE GONZALEZ GALLO.txt,"['02/06/2013', '0', '5', '35', '16']","['02/06/2013', '0', '5', 'Nulo', '16']","['02/06/2013', '0.0', '5.0', '32.2', '16.0']",35,32.2
339,14337-YAHUALICA DE GONZALEZ GALLO.txt,"['18/10/2014', '0', '2', '28', '7']","['18/10/2014', '0', '2', '28', 'Nulo']","['18/10/2014', '0.0', '2.0', '28.0', '1.1']",7,1.1
340,14337-YAHUALICA DE GONZALEZ GALLO.txt,"['30/06/2013', '0', '4', '31', '15']","['30/06/2013', 'Nulo', '4', '31', '15']","['30/06/2013', '0.0', '4.0', '31.0', '15.0']",0,0.0
341,14339-PUERTO VALLARTA.txt,"['18/03/2014', '0', '5.1', '29.5', '15.5']","['18/03/2014', '0', '5.1', 'Nulo', '15.5']","['18/03/2014', '0.0', '5.1', 'Nulo', '15.5']",29.5,Nulo
342,14339-PUERTO VALLARTA.txt,"['29/11/2012', '0', '3.3', '32.5', '20']","['29/11/2012', 'Nulo', '3.3', '32.5', '20']","['29/11/2012', 'Nulo', '3.3', '32.5', '20.0']",0,Nulo
343,14339-PUERTO VALLARTA.txt,"['15/06/2015', '96.5', '3.7', '30', '23']","['15/06/2015', '96.5', '3.7', '30', 'Nulo']","['15/06/2015', '96.5', '3.7', '30.0', 'Nulo']",23,Nulo
344,14343-EJUTLA.txt,"['29/01/2014', '0', '6.3', '36', '16']","['29/01/2014', '0', 'Nulo', '36', '16']","['29/01/2014', '0.0', '3.9', '36.0', '16.0']",6.3,3.9
345,14343-EJUTLA.txt,"['08/09/2009', '0', '4.4', '37', '17']","['08/09/2009', '0', '4.4', 'Nulo', '17']","['08/09/2009', '0.0', '4.4', '29.2', '17.0']",37,29.2
346,14343-EJUTLA.txt,"['25/07/2015', '4', '5.7', '35', '13']","['25/07/2015', '4', '5.7', '35', 'Nulo']","['25/07/2015', '4.0', '5.7', '35.0', '17.0']",13,17.0
347,14346-MEZQUITIC.txt,"['06/03/2018', '0', '7', '32', '5']","['06/03/2018', 'Nulo', '7', '32', '5']","['06/03/2018', '0.0', '7.0', '32.0', '5.0']",0,0.0
348,14346-MEZQUITIC.txt,"['23/12/2012', '0', '2.5', '28.5', '3.5']","['23/12/2012', '0', '2.5', '28.5', 'Nulo']","['23/12/2012', '0.0', '2.5', '28.5', '6.2']",3.5,6.2
349,14346-MEZQUITIC.txt,"['14/04/2016', '0', '8.3', '35', '10.5']","['14/04/2016', '0', 'Nulo', '35', '10.5']","['14/04/2016', '0.0', '5.4', '35.0', '10.5']",8.3,5.4
350,14348-JILOTLAN DE LOS DOLORES.txt,"['13/11/2017', '0', '4.4', '33', '16']","['13/11/2017', '0', '4.4', '33', 'Nulo']","['13/11/2017', '0.0', '4.4', '33.0', 'Nulo']",16,Nulo
351,14348-JILOTLAN DE LOS DOLORES.txt,"['09/09/2017', '15.3', 'Nulo', '33', '15']","['09/09/2017', 'Nulo', 'Nulo', '33', '15']","['09/09/2017', '0.0', '4.2', '33.0', '15.0']",15.3,0.0
352,14348-JILOTLAN DE LOS DOLORES.txt,"['30/07/2009', '0', '2.7', '21', '15']","['30/07/2009', '0', 'Nulo', '21', '15']","['30/07/2009', '0.0', '2.7', '21.0', '15.0']",2.7,2.7
353,14349-ATENGUILLO.txt,"['27/11/2008', '0', 'Nulo', '27', '5']","['27/11/2008', '0', 'Nulo', 'Nulo', '5']","['27/11/2008', '0.0', '3.3', '28.6', '5.0']",27,28.6
354,14349-ATENGUILLO.txt,"['01/03/2009', '0', 'Nulo', '34', '4.5']","['01/03/2009', '0', 'Nulo', 'Nulo', '4.5']","['01/03/2009', '0.0', '7.2', '33.4', '4.5']",34,33.4
355,14349-ATENGUILLO.txt,"['02/01/2016', '0', '3.2', '28', '8.5']","['02/01/2016', 'Nulo', '3.2', '28', '8.5']","['02/01/2016', '0.0', '3.2', '28.0', '8.5']",0,0.0
356,14350-TUXCACUESCO.txt,"['17/07/2013', '0', '4.8', '34.5', '19']","['17/07/2013', '0', '4.8', '34.5', 'Nulo']","['17/07/2013', '0.0', '4.8', '34.5', '20.7']",19,20.7
357,14350-TUXCACUESCO.txt,"['23/10/2011', '0', '4.3', '35.5', '19']","['23/10/2011', '0', '4.3', 'Nulo', '19']","['23/10/2011', '0.0', '4.3', '34.6', '19.0']",35.5,34.6
358,14350-TUXCACUESCO.txt,"['11/03/2014', '0', '7.6', '35', '10.5']","['11/03/2014', '0', 'Nulo', '35', '10.5']","['11/03/2014', '0.0', '7.1', '35.0', '10.5']",7.6,7.1
359,14351-TALA.txt,"['14/12/2011', '0', '1.5', '30', '7']","['14/12/2011', '0', '1.5', 'Nulo', '7']","['14/12/2011', '0.0', '1.5', '23.8', '7.0']",30,23.8
360,14351-TALA.txt,"['05/08/2017', '1', '7.2', '34', '18']","['05/08/2017', '1', '7.2', '34', 'Nulo']","['05/08/2017', '1.0', '7.2', '34.0', '14.2']",18,14.2
361,14351-TALA.txt,"['28/05/2016', '0', '8.9', '39', '16']","['28/05/2016', '0', '8.9', '39', 'Nulo']","['28/05/2016', '0.0', '8.9', '39.0', '14.4']",16,14.4
362,14355-LA BARCA.txt,"['24/10/2009', '15', '4.8', '31', '14']","['24/10/2009', 'Nulo', '4.8', '31', '14']","['24/10/2009', '2.1', '4.8', '31.0', '14.0']",15,2.1
363,14355-LA BARCA.txt,"['02/12/2008', '0', '3.5', '27', '4']","['02/12/2008', 'Nulo', '3.5', '27', '4']","['02/12/2008', '0.0', '3.5', '27.0', '4.0']",0,0.0
364,14355-LA BARCA.txt,"['16/01/2017', '0', '3.4', '29', '5']","['16/01/2017', 'Nulo', '3.4', '29', '5']","['16/01/2017', 'Nulo', '3.4', '29.0', '5.0']",0,Nulo
365,14367-UNION DE SAN ANTONIO.txt,"['11/02/2013', '0', '4.5', '34.5', '4.5']","['11/02/2013', 'Nulo', '4.5', '34.5', '4.5']","['11/02/2013', '1.6', '4.5', '34.5', '4.5']",0,1.6
366,14367-UNION DE SAN ANTONIO.txt,"['15/03/2008', '0', '5.1', '30', '8']","['15/03/2008', 'Nulo', '5.1', '30', '8']","['15/03/2008', '0.0', '5.1', '30.0', '8.0']",0,0.0
367,14367-UNION DE SAN ANTONIO.txt,"['13/08/2008', '0', '5.1', '29', '15.5']","['13/08/2008', 'Nulo', '5.1', '29', '15.5']","['13/08/2008', '0.5', '5.1', '29.0', '15.5']",0,0.5
368,14368-SAYULA.txt,"['07/01/2013', '0', '3.5', '27.5', '6.5']","['07/01/2013', '0', '3.5', 'Nulo', '6.5']","['07/01/2013', '0.0', '3.5', '26.2', '6.5']",27.5,26.2
369,14368-SAYULA.txt,"['29/03/2013', '0', '4', '35', '7.5']","['29/03/2013', '0', '4', 'Nulo', '7.5']","['29/03/2013', '0.0', '4.0', '31.5', '7.5']",35,31.5
370,14368-SAYULA.txt,"['10/01/2018', '0', '2.2', '29', '5.5']","['10/01/2018', '0', '2.2', '29', 'Nulo']","['10/01/2018', '0.0', '2.2', '29.0', 'Nulo']",5.5,Nulo
371,14369-ARANDAS.txt,"['02/04/2018', '0', '8.6', '29.5', '9']","['02/04/2018', '0', '8.6', 'Nulo', '9']","['02/04/2018', '0.0', '8.6', 'Nulo', '9.0']",29.5,Nulo
372,14369-ARANDAS.txt,"['09/03/2018', '0', '9.6', '28', '8.5']","['09/03/2018', '0', '9.6', '28', 'Nulo']","['09/03/2018', '0.0', '9.6', '28.0', 'Nulo']",8.5,Nulo
373,14369-ARANDAS.txt,"['28/04/2008', '0', '8.3', '28', '11']","['28/04/2008', '0', '8.3', '28', 'Nulo']","['28/04/2008', '0.0', '8.3', '28.0', '12.6']",11,12.6
374,14379-PONCITLAN.txt,"['07/12/2018', '0', '3.9', '25', '13.5']","['07/12/2018', 'Nulo', '3.9', '25', '13.5']","['07/12/2018', 'Nulo', '3.9', '25.0', '13.5']",0,Nulo
375,14379-PONCITLAN.txt,"['11/10/2012', '0', '4.7', '27.5', '15.5']","['11/10/2012', '0', '4.7', 'Nulo', '15.5']","['11/10/2012', '0.0', '4.7', '28.0', '15.5']",27.5,28.0
376,14379-PONCITLAN.txt,"['12/07/2012', '21', '5.4', '26', '16.5']","['12/07/2012', '21', '5.4', 'Nulo', '16.5']","['12/07/2012', '21.0', '5.4', '24.3', '16.5']",26,24.3
377,14386-TONALA.txt,"['09/09/2017', '0', '7.2', '27', '16.5']","['09/09/2017', 'Nulo', '7.2', '27', '16.5']","['09/09/2017', '0.1', '7.2', '27.0', '16.5']",0,0.1
378,14386-TONALA.txt,"['02/04/2011', '0', '9.7', '32', '14.5']","['02/04/2011', 'Nulo', '9.7', '32', '14.5']","['02/04/2011', '0.0', '9.7', '32.0', '14.5']",0,0.0
379,14386-TONALA.txt,"['19/10/2008', '0', '6.5', '26', '12.5']","['19/10/2008', 'Nulo', '6.5', '26', '12.5']","['19/10/2008', '0.0', '6.5', '26.0', '12.5']",0,0.0
380,14388-ZAPOTLANEJO.txt,"['21/05/2009', '0', '7.4', '31.5', '15.5']","['21/05/2009', '0', '7.4', '31.5', 'Nulo']","['21/05/2009', '0.0', '7.4', '31.5', '12.1']",15.5,12.1
381,14388-ZAPOTLANEJO.txt,"['08/09/2010', '13.6', '3.1', '27', '17']","['08/09/2010', '13.6', '3.1', 'Nulo', '17']","['08/09/2010', '13.6', '3.1', '25.2', '17.0']",27,25.2
382,14388-ZAPOTLANEJO.txt,"['26/09/2009', '4.9', '4.8', '28', '14']","['26/09/2009', '4.9', '4.8', '28', 'Nulo']","['26/09/2009', '4.9', '4.8', '28.0', '11.8']",14,11.8
383,14390-AUTLAN DE NAVARRO.txt,"['26/02/2014', '0', '6.9', '33', '13']","['26/02/2014', '0', 'Nulo', '33', '13']","['26/02/2014', '0.0', '4.9', '33.0', '13.0']",6.9,4.9
384,14390-AUTLAN DE NAVARRO.txt,"['04/07/2008', '3.6', '6.1', '33', '20']","['04/07/2008', 'Nulo', '6.1', '33', '20']","['04/07/2008', '6.5', '6.1', '33.0', '20.0']",3.6,6.5
385,14390-AUTLAN DE NAVARRO.txt,"['07/08/2010', '0', '5.2', '34', '20']","['07/08/2010', '0', 'Nulo', '34', '20']","['07/08/2010', '0.0', '5.9', '34.0', '20.0']",5.2,5.9
386,14391-TIZAPAN EL ALTO.txt,"['31/07/2013', '0', '4.9', '25', '14']","['31/07/2013', '0', '4.9', 'Nulo', '14']","['31/07/2013', '0.0', '4.9', '26.5', '14.0']",25,26.5
387,14391-TIZAPAN EL ALTO.txt,"['27/05/2013', '0', '7.5', '28.5', '14.5']","['27/05/2013', '0', '7.5', '28.5', 'Nulo']","['27/05/2013', '0.0', '7.5', '28.5', '14.3']",14.5,14.3
388,14391-TIZAPAN EL ALTO.txt,"['02/06/2008', '0', '8.9', '31.5', '10']","['02/06/2008', '0', '8.9', 'Nulo', '10']","['02/06/2008', '0.0', '8.9', '30.9', '10.0']",31.5,30.9
389,14392-LAGOS DE MORENO.txt,"['27/05/2014', '0', '5.7', '31', '14']","['27/05/2014', 'Nulo', '5.7', '31', '14']","['27/05/2014', '5.2', '5.7', '31.0', '14.0']",0,5.2
390,14392-LAGOS DE MORENO.txt,"['06/07/2015', '0', '4.3', '24.5', '13']","['06/07/2015', 'Nulo', '4.3', '24.5', '13']","['06/07/2015', '13.1', '4.3', '24.5', '13.0']",0,13.1
391,14392-LAGOS DE MORENO.txt,"['13/11/2018', '0', '4.2', '25.5', '7']","['13/11/2018', '0', '4.2', '25.5', 'Nulo']","['13/11/2018', '0.0', '4.2', '25.5', 'Nulo']",7,Nulo
392,14395-UNION DE TULA.txt,"['12/10/2014', '2', '2.1', '29', '15']","['12/10/2014', 'Nulo', '2.1', '29', '15']","['12/10/2014', '30.3', '2.1', '29.0', '15.0']",2,30.3
393,14395-UNION DE TULA.txt,"['12/10/2009', '2', '3.8', '24', '15']","['12/10/2009', '2', '3.8', 'Nulo', '15']","['12/10/2009', '2.0', '3.8', '33.4', '15.0']",24,33.4
394,14395-UNION DE TULA.txt,"['25/10/2009', '0', '1.7', '23', '13']","['25/10/2009', '0', '1.7', '23', 'Nulo']","['25/10/2009', '0.0', '1.7', '23.0', '12.8']",13,12.8
395,14396-JOCOTEPEC.txt,"['05/09/2013', '7.2', '0.5', '22.5', '17']","['05/09/2013', '7.2', '0.5', 'Nulo', '17']","['05/09/2013', '7.2', '0.5', '25.6', '17.0']",22.5,25.6
396,14396-JOCOTEPEC.txt,"['28/05/2017', '0', '8.1', '33', '18.5']","['28/05/2017', 'Nulo', '8.1', '33', '18.5']","['28/05/2017', 'Nulo', '8.1', '33.0', '18.5']",0,Nulo
397,14396-JOCOTEPEC.txt,"['28/12/2008', '0', '4', '22.5', '14.5']","['28/12/2008', '0', '4', '22.5', 'Nulo']","['28/12/2008', '0.0', '4.0', '22.5', '9.0']",14.5,9.0
398,14397-ZAPOTLANEJO.txt,"['18/05/2018', '0', '8.4', '33', '17']","['18/05/2018', '0', 'Nulo', '33', '17']","['18/05/2018', '0.0', '10.2', '33.0', '17.0']",8.4,10.2
399,14397-ZAPOTLANEJO.txt,"['15/04/2011', '0', '6.8', '34', '12.5']","['15/04/2011', 'Nulo', '6.8', '34', '12.5']","['15/04/2011', '0.0', '6.8', '34.0', '12.5']",0,0.0
400,14397-ZAPOTLANEJO.txt,"['24/03/2012', '0', '5.4', '30', '7']","['24/03/2012', '0', '5.4', '30', 'Nulo']","['24/03/2012', '0.0', '5.4', '30.0', '8.7']",7,8.7
